obs,date,temp,rel.humidity,dew.point,block,side
1,9/16/21 12:00,21.28,52.56,11.2,3,middle
2,9/16/21 12:15,21.3,52.79,11.29,3,middle
3,9/16/21 12:30,27.69,56.45,18.26,3,middle
5,9/16/21 12:45,30.82,48.36,18.68,3,middle
6,9/16/21 13:00,30.1,53.6,19.67,3,middle
7,9/16/21 13:15,30.21,53.41,19.71,3,middle
8,9/16/21 13:30,29.45,55.46,19.62,3,middle
9,9/16/21 13:45,30.47,52.94,19.81,3,middle
10,9/16/21 14:00,30.49,53.36,19.96,3,middle
11,9/16/21 14:15,29.92,53.77,19.56,3,middle
12,9/16/21 14:30,30.45,52.76,19.74,3,middle
13,9/16/21 14:45,31.05,51.94,20.04,3,middle
14,9/16/21 15:00,31.25,51.15,19.98,3,middle
15,9/16/21 15:15,31.21,51.6,20.08,3,middle
16,9/16/21 15:30,31.54,50.33,19.98,3,middle
17,9/16/21 15:45,30.4,53.01,19.77,3,middle
18,9/16/21 16:00,29.19,55.01,19.25,3,middle
19,9/16/21 16:15,29.57,54.33,19.39,3,middle
20,9/16/21 16:30,30.98,50.77,19.61,3,middle
21,9/16/21 16:45,29.91,52.52,19.17,3,middle
22,9/16/21 17:00,28.43,55.51,18.69,3,middle
23,9/16/21 17:15,27.55,58.44,18.69,3,middle
24,9/16/21 17:30,27.76,57.81,18.72,3,middle
25,9/16/21 17:45,26.3,61.4,18.3,3,middle
26,9/16/21 18:00,25.82,63.76,18.46,3,middle
27,9/16/21 18:15,25.12,64.91,18.07,3,middle
28,9/16/21 18:30,24.63,67.2,18.17,3,middle
29,9/16/21 18:45,24.21,67.93,17.94,3,middle
30,9/16/21 19:00,26.01,60.02,17.67,3,middle
31,9/16/21 19:15,28.67,54.18,18.52,3,middle
32,9/16/21 19:30,29.72,50.46,18.35,3,middle
33,9/16/21 19:45,29.88,49.35,18.14,3,middle
34,9/16/21 20:00,29.62,48.3,17.57,3,middle
35,9/16/21 20:15,29.42,47.79,17.21,3,middle
36,9/16/21 20:30,29.34,47.46,17.03,3,middle
37,9/16/21 20:45,29.24,49.18,17.51,3,middle
38,9/16/21 21:00,29.15,49.23,17.43,3,middle
39,9/16/21 21:15,29.01,50.29,17.64,3,middle
40,9/16/21 21:30,28.89,51.19,17.82,3,middle
41,9/16/21 21:45,28.79,51.22,17.74,3,middle
42,9/16/21 22:00,28.67,50.59,17.42,3,middle
43,9/16/21 22:15,28.56,50,17.14,3,middle
44,9/16/21 22:30,28.44,49.6,16.91,3,middle
45,9/16/21 22:45,28.37,49.81,16.9,3,middle
46,9/16/21 23:00,28.21,50,16.82,3,middle
47,9/16/21 23:15,28.11,50.18,16.78,3,middle
48,9/16/21 23:30,29.68,48,17.52,3,middle
49,9/16/21 23:45,29.38,47.03,16.93,3,middle
50,9/17/21 0:00,28.69,48.53,16.79,3,middle
51,9/17/21 0:15,28.15,49.47,16.6,3,middle
52,9/17/21 0:30,29.62,46.78,17.06,3,middle
53,9/17/21 0:45,28.83,48.66,16.96,3,middle
54,9/17/21 1:00,28.26,50.58,17.05,3,middle
55,9/17/21 1:15,30.15,47.09,17.64,3,middle
56,9/17/21 1:30,29.96,47.75,17.7,3,middle
57,9/17/21 1:45,29.67,48.31,17.62,3,middle
58,9/17/21 2:00,29.64,48.65,17.7,3,middle
59,9/17/21 2:15,29.62,48.81,17.73,3,middle
60,9/17/21 2:30,29.64,48.96,17.8,3,middle
61,9/17/21 2:45,29.68,49.25,17.93,3,middle
62,9/17/21 3:00,29.72,49.57,18.07,3,middle
63,9/17/21 3:15,29.92,49.69,18.29,3,middle
64,9/17/21 3:30,29.95,49.72,18.33,3,middle
65,9/17/21 3:45,29.86,49.84,18.28,3,middle
66,9/17/21 4:00,29.8,50.1,18.31,3,middle
67,9/17/21 4:15,29.72,49.86,18.16,3,middle
68,9/17/21 4:30,29.75,50.01,18.24,3,middle
69,9/17/21 4:45,29.79,49.92,18.25,3,middle
70,9/17/21 5:00,29.85,50.02,18.33,3,middle
71,9/17/21 5:15,29.85,50.22,18.39,3,middle
72,9/17/21 5:30,29.82,50.42,18.44,3,middle
73,9/17/21 5:45,29.72,50.78,18.45,3,middle
74,9/17/21 6:00,29.82,50.62,18.5,3,middle
75,9/17/21 6:15,29.91,50.75,18.62,3,middle
76,9/17/21 6:30,29.86,50.74,18.56,3,middle
77,9/17/21 6:45,29.82,50.61,18.49,3,middle
78,9/17/21 7:00,29.77,50.79,18.5,3,middle
79,9/17/21 7:15,29.7,50.81,18.44,3,middle
80,9/17/21 7:30,29.75,50.63,18.43,3,middle
81,9/17/21 7:45,29.76,50.56,18.42,3,middle
82,9/17/21 8:00,29.87,50.59,18.53,3,middle
83,9/17/21 8:15,30.09,50.15,18.59,3,middle
84,9/17/21 8:30,29.48,51.28,18.39,3,middle
85,9/17/21 8:45,29.78,50.92,18.55,3,middle
86,9/17/21 9:00,23.07,64.29,15.98,3,middle
87,9/17/21 9:15,25.14,59.55,16.73,3,middle
88,9/17/21 9:30,26.09,57.46,17.06,3,middle
89,9/17/21 9:45,33.29,43.91,19.37,3,middle
90,9/17/21 10:00,31.96,46.18,18.97,3,middle
91,9/17/21 10:15,29.49,51.16,18.36,3,middle
92,9/17/21 10:30,29.72,51.1,18.55,3,middle
93,9/17/21 10:45,30.56,47.56,18.18,3,middle
94,9/17/21 11:00,30.02,50.11,18.51,3,middle
95,9/17/21 11:15,31.1,47.41,18.62,3,middle
96,9/17/21 11:30,33.26,44.61,19.59,3,middle
97,9/17/21 11:45,35.22,40.09,19.63,3,middle
98,9/17/21 12:00,33.05,46.41,20.05,3,middle
99,9/17/21 12:15,29.58,52.97,19,3,middle
100,9/17/21 12:30,28.38,55.06,18.5,3,middle
101,9/17/21 12:45,29.21,54.77,19.2,3,middle
102,9/17/21 13:00,30.52,50.46,19.09,3,middle
103,9/17/21 13:15,31.49,48.2,19.23,3,middle
104,9/17/21 13:30,31.51,46.95,18.83,3,middle
105,9/17/21 13:45,32.27,45.7,19.09,3,middle
106,9/17/21 14:00,32.22,46.51,19.32,3,middle
107,9/17/21 14:15,31.69,47.35,19.13,3,middle
108,9/17/21 14:30,32.61,46.41,19.65,3,middle
109,9/17/21 14:45,33.29,43.28,19.14,3,middle
110,9/17/21 15:00,33.71,44.8,20.07,3,middle
111,9/17/21 15:15,33.64,43.88,19.68,3,middle
112,9/17/21 15:30,34,44.21,20.11,3,middle
113,9/17/21 15:45,32.4,46.04,19.33,3,middle
114,9/17/21 16:00,31.1,47.84,18.76,3,middle
115,9/17/21 16:15,31.83,48.55,19.66,3,middle
116,9/17/21 16:30,32.91,44.77,19.34,3,middle
117,9/17/21 16:45,31.67,46.67,18.88,3,middle
118,9/17/21 17:00,29.9,51.66,18.89,3,middle
119,9/17/21 17:15,29.31,52.53,18.61,3,middle
120,9/17/21 17:30,28.79,53.52,18.44,3,middle
121,9/17/21 17:45,27.53,56.94,18.25,3,middle
122,9/17/21 18:00,27.4,56.69,18.06,3,middle
123,9/17/21 18:15,26.34,59.11,17.74,3,middle
124,9/17/21 18:30,25.38,60.89,17.31,3,middle
125,9/17/21 18:45,24.75,62.33,17.08,3,middle
126,9/17/21 19:00,24.32,64.43,17.2,3,middle
127,9/17/21 19:15,27.44,52.91,17.01,3,middle
128,9/17/21 19:30,29.43,48.94,17.59,3,middle
129,9/17/21 19:45,30.22,45.22,17.07,3,middle
130,9/17/21 20:00,30.37,47.31,17.92,3,middle
131,9/17/21 20:15,30.13,47.8,17.87,3,middle
132,9/17/21 20:30,29.82,47.66,17.54,3,middle
133,9/17/21 20:45,29.7,47.09,17.23,3,middle
134,9/17/21 21:00,29.68,47.01,17.19,3,middle
135,9/17/21 21:15,29.67,46.19,16.9,3,middle
136,9/17/21 21:30,29.67,46.54,17.02,3,middle
137,9/17/21 21:45,29.62,45.76,16.71,3,middle
138,9/17/21 22:00,29.59,46.87,17.06,3,middle
139,9/17/21 22:15,29.41,47.27,17.03,3,middle
140,9/17/21 22:30,29.22,48.61,17.3,3,middle
141,9/17/21 22:45,29.08,50.05,17.64,3,middle
142,9/17/21 23:00,28.92,50.52,17.64,3,middle
143,9/17/21 23:15,28.77,51.81,17.9,3,middle
144,9/17/21 23:30,28.69,52.48,18.03,3,middle
145,9/17/21 23:45,28.62,52.78,18.06,3,middle
146,9/18/21 0:00,28.53,52.5,17.89,3,middle
147,9/18/21 0:15,28.44,53.44,18.09,3,middle
148,9/18/21 0:30,28.37,53.32,17.98,3,middle
149,9/18/21 0:45,28.31,53.61,18.02,3,middle
150,9/18/21 1:00,28.29,53.82,18.06,3,middle
151,9/18/21 1:15,28.23,53.79,17.99,3,middle
152,9/18/21 1:30,30.05,50.49,18.66,3,middle
153,9/18/21 1:45,30.1,50.33,18.66,3,middle
154,9/18/21 2:00,29.91,50.78,18.63,3,middle
155,9/18/21 2:15,29.86,51.01,18.65,3,middle
156,9/18/21 2:30,29.75,51.55,18.72,3,middle
157,9/18/21 2:45,29.62,51.89,18.71,3,middle
158,9/18/21 3:00,29.59,52.15,18.76,3,middle
159,9/18/21 3:15,29.62,52.11,18.77,3,middle
160,9/18/21 3:30,29.54,52.42,18.8,3,middle
161,9/18/21 3:45,29.51,52.52,18.8,3,middle
162,9/18/21 4:00,29.59,52.27,18.79,3,middle
163,9/18/21 4:15,29.74,52.45,18.99,3,middle
164,9/18/21 4:30,29.72,52.69,19.04,3,middle
165,9/18/21 4:45,29.76,52.84,19.13,3,middle
166,9/18/21 5:00,29.75,53,19.16,3,middle
167,9/18/21 5:15,29.66,53.16,19.13,3,middle
168,9/18/21 5:30,29.74,53.03,19.16,3,middle
169,9/18/21 5:45,29.79,53.12,19.24,3,middle
170,9/18/21 6:00,29.78,53.2,19.26,3,middle
171,9/18/21 6:15,29.83,53.15,19.29,3,middle
172,9/18/21 6:30,29.92,53.25,19.4,3,middle
173,9/18/21 6:45,29.87,53.47,19.42,3,middle
174,9/18/21 7:00,29.81,53.51,19.38,3,middle
175,9/18/21 7:15,29.85,53.72,19.47,3,middle
176,9/18/21 7:30,29.77,53.93,19.46,3,middle
177,9/18/21 7:45,29.8,54.09,19.54,3,middle
178,9/18/21 8:00,29.87,54.23,19.64,3,middle
179,9/18/21 8:15,30.06,53.94,19.74,3,middle
180,9/18/21 8:30,29.57,55.03,19.6,3,middle
181,9/18/21 8:45,29.65,55.16,19.72,3,middle
182,9/18/21 9:00,24.62,66.47,17.98,3,middle
183,9/18/21 9:15,24.38,68.05,18.12,3,middle
184,9/18/21 9:30,26.55,61.36,18.53,3,middle
185,9/18/21 9:45,32.71,47.32,20.05,3,middle
186,9/18/21 10:00,31.56,48.98,19.56,3,middle
187,9/18/21 10:15,28.32,57.22,19.07,3,middle
188,9/18/21 10:30,26.76,61.39,18.73,3,middle
189,9/18/21 10:45,25.64,63.49,18.22,3,middle
190,9/18/21 11:00,24.97,65.75,18.14,3,middle
191,9/18/21 11:15,26.34,62.72,18.68,3,middle
192,9/18/21 11:30,28.2,58.92,19.43,3,middle
193,9/18/21 11:45,29.87,54.88,19.83,3,middle
194,9/18/21 12:00,29.97,54.05,19.69,3,middle
195,9/18/21 12:15,29.11,57.2,19.8,3,middle
196,9/18/21 12:30,28.6,57.97,19.54,3,middle
197,9/18/21 12:45,29.27,56.67,19.8,3,middle
198,9/18/21 13:00,30.72,53.76,20.3,3,middle
199,9/18/21 13:15,31.66,50.99,20.3,3,middle
200,9/18/21 13:30,31.5,52.36,20.58,3,middle
201,9/18/21 13:45,32.57,50,20.82,3,middle
202,9/18/21 14:00,32.28,49.74,20.47,3,middle
203,9/18/21 14:15,31.84,50.22,20.22,3,middle
204,9/18/21 14:30,32.27,48.7,20.11,3,middle
205,9/18/21 14:45,32.97,47.86,20.47,3,middle
206,9/18/21 15:00,33.28,47.63,20.67,3,middle
207,9/18/21 15:15,33.46,47.02,20.63,3,middle
208,9/18/21 15:30,33.71,46.17,20.56,3,middle
209,9/18/21 15:45,31.87,50.2,20.24,3,middle
210,9/18/21 16:00,29.9,54.65,19.8,3,middle
211,9/18/21 16:15,31.18,51.82,20.12,3,middle
212,9/18/21 16:30,32.66,48.26,20.32,3,middle
213,9/18/21 16:45,31.93,49.72,20.14,3,middle
214,9/18/21 17:00,29.83,54.12,19.58,3,middle
215,9/18/21 17:15,29.93,54.55,19.8,3,middle
216,9/18/21 17:30,29.34,56.05,19.69,3,middle
217,9/18/21 17:45,27.88,59.72,19.35,3,middle
218,9/18/21 18:00,27.83,59.71,19.3,3,middle
219,9/18/21 18:15,26.52,63.18,18.97,3,middle
220,9/18/21 18:30,25.5,65.55,18.6,3,middle
221,9/18/21 18:45,24.82,67.4,18.39,3,middle
222,9/18/21 19:00,24.57,65.29,17.65,3,middle
223,9/18/21 19:15,27.6,56.28,18.14,3,middle
224,9/18/21 19:30,29.26,52.19,18.46,3,middle
225,9/18/21 19:45,29.82,50.51,18.46,3,middle
226,9/18/21 20:00,29.87,50.99,18.65,3,middle
227,9/18/21 20:15,29.67,50.13,18.21,3,middle
228,9/18/21 20:30,29.51,49.54,17.87,3,middle
229,9/18/21 20:45,29.5,49.17,17.74,3,middle
230,9/18/21 21:00,29.44,49.15,17.67,3,middle
231,9/18/21 21:15,29.39,49.33,17.69,3,middle
232,9/18/21 21:30,29.31,48.94,17.49,3,middle
233,9/18/21 21:45,29.21,50.47,17.89,3,middle
234,9/18/21 22:00,29.04,51.37,18.01,3,middle
235,9/18/21 22:15,28.9,51.71,17.99,3,middle
236,9/18/21 22:30,28.75,51.84,17.89,3,middle
237,9/18/21 22:45,28.62,51.77,17.75,3,middle
238,9/18/21 23:00,28.55,52.6,17.94,3,middle
239,9/18/21 23:15,28.38,52.2,17.65,3,middle
240,9/18/21 23:30,28.23,52.52,17.61,3,middle
241,9/18/21 23:45,28.1,53.69,17.85,3,middle
242,9/19/21 0:00,28.77,51.79,17.9,3,middle
243,9/19/21 0:15,29.26,49.93,17.76,3,middle
244,9/19/21 0:30,28.67,51.49,17.7,3,middle
245,9/19/21 0:45,28.25,52.33,17.58,3,middle
246,9/19/21 1:00,30.39,47.86,18.12,3,middle
247,9/19/21 1:15,30.04,48.27,17.94,3,middle
248,9/19/21 1:30,29.77,49.17,17.98,3,middle
249,9/19/21 1:45,29.62,49.74,18.03,3,middle
250,9/19/21 2:00,29.54,49.93,18.02,3,middle
251,9/19/21 2:15,29.5,50.23,18.08,3,middle
252,9/19/21 2:30,29.54,50.27,18.13,3,middle
253,9/19/21 2:45,29.72,49.89,18.17,3,middle
254,9/19/21 3:00,29.77,49.88,18.21,3,middle
255,9/19/21 3:15,29.71,49.84,18.14,3,middle
256,9/19/21 3:30,29.73,49.71,18.12,3,middle
257,9/19/21 3:45,29.67,49.8,18.1,3,middle
258,9/19/21 4:00,29.8,49.48,18.11,3,middle
259,9/19/21 4:15,29.85,49.39,18.12,3,middle
260,9/19/21 4:30,29.85,49.3,18.1,3,middle
261,9/19/21 4:45,29.85,49.29,18.09,3,middle
262,9/19/21 5:00,29.83,49.21,18.06,3,middle
263,9/19/21 5:15,29.75,49.27,18,3,middle
264,9/19/21 5:30,29.71,49.46,18.02,3,middle
265,9/19/21 5:45,29.68,49.55,18.03,3,middle
266,9/19/21 6:00,29.72,49.35,17.99,3,middle
267,9/19/21 6:15,29.81,49.27,18.06,3,middle
268,9/19/21 6:30,29.86,49.23,18.08,3,middle
269,9/19/21 6:45,29.81,49.31,18.07,3,middle
270,9/19/21 7:00,29.85,49.28,18.09,3,middle
271,9/19/21 7:15,29.82,49.23,18.05,3,middle
272,9/19/21 7:30,29.8,49.48,18.11,3,middle
273,9/19/21 7:45,29.82,49.49,18.14,3,middle
274,9/19/21 8:00,29.92,49.61,18.26,3,middle
275,9/19/21 8:15,30.17,49.31,18.39,3,middle
276,9/19/21 8:30,29.74,49.74,18.14,3,middle
277,9/19/21 8:45,29.57,50.04,18.08,3,middle
278,9/19/21 9:00,24.08,63.45,16.73,3,middle
279,9/19/21 9:15,25.51,61.13,17.49,3,middle
280,9/19/21 9:30,29.54,51.32,18.46,3,middle
281,9/19/21 9:45,32.66,45.45,19.35,3,middle
282,9/19/21 10:00,31.3,48.15,19.05,3,middle
283,9/19/21 10:15,26.47,59.54,17.97,3,middle
284,9/19/21 10:30,27.91,56.77,18.56,3,middle
285,9/19/21 10:45,26.1,61.74,18.21,3,middle
286,9/19/21 11:00,25.35,64.09,18.09,3,middle
287,9/19/21 11:15,26.91,60.44,18.63,3,middle
288,9/19/21 11:30,28.28,57.62,19.14,3,middle
289,9/19/21 11:45,29.74,54.46,19.59,3,middle
290,9/19/21 12:00,29.87,53.96,19.56,3,middle
291,9/19/21 12:15,29.39,55.23,19.5,3,middle
292,9/19/21 12:30,29.02,56.34,19.47,3,middle
293,9/19/21 12:45,29.73,55.13,19.78,3,middle
294,9/19/21 13:00,31.09,51.12,19.82,3,middle
295,9/19/21 13:15,32.12,48.25,19.83,3,middle
296,9/19/21 13:30,31.99,47.9,19.59,3,middle
297,9/19/21 13:45,32.37,46.29,19.38,3,middle
298,9/19/21 14:00,32.37,47.06,19.65,3,middle
299,9/19/21 14:15,32.33,46.57,19.45,3,middle
300,9/19/21 14:30,32.83,45.81,19.63,3,middle
301,9/19/21 14:45,33.5,44.54,19.79,3,middle
302,9/19/21 15:00,33.85,43.79,19.82,3,middle
303,9/19/21 15:15,34.01,42.65,19.54,3,middle
304,9/19/21 15:30,34.2,41.11,19.13,3,middle
305,9/19/21 15:45,31.96,42.74,17.74,3,middle
306,9/19/21 16:00,30.39,46.24,17.57,3,middle
307,9/19/21 16:15,31.78,43.69,17.92,3,middle
308,9/19/21 16:30,33.02,41.74,18.32,3,middle
309,9/19/21 16:45,32.26,43.13,18.15,3,middle
310,9/19/21 17:00,29.7,47.26,17.29,3,middle
311,9/19/21 17:15,29.23,48.43,17.25,3,middle
312,9/19/21 17:30,28.12,50.92,17.02,3,middle
313,9/19/21 17:45,26.73,53.94,16.66,3,middle
314,9/19/21 18:00,26.47,54.47,16.56,3,middle
315,9/19/21 18:15,25.24,56.99,16.14,3,middle
316,9/19/21 18:30,24.48,59.17,16.01,3,middle
317,9/19/21 18:45,23.96,61.54,16.13,3,middle
318,9/19/21 19:00,24.74,56.12,15.43,3,middle
319,9/19/21 19:15,28,48.39,16.11,3,middle
320,9/19/21 19:30,29.49,45.76,16.59,3,middle
321,9/19/21 19:45,29.97,41.48,15.49,3,middle
322,9/19/21 20:00,29.97,42.15,15.74,3,middle
323,9/19/21 20:15,29.75,40.7,14.99,3,middle
324,9/19/21 20:30,29.54,41.91,15.26,3,middle
325,9/19/21 20:45,29.38,43.34,15.64,3,middle
326,9/19/21 21:00,29.32,43.19,15.53,3,middle
327,9/19/21 21:15,29.24,43.78,15.67,3,middle
328,9/19/21 21:30,29.13,44.17,15.71,3,middle
329,9/19/21 21:45,28.99,44.52,15.7,3,middle
330,9/19/21 22:00,28.85,44.96,15.73,3,middle
331,9/19/21 22:15,28.75,45.57,15.86,3,middle
332,9/19/21 22:30,28.57,46.84,16.12,3,middle
333,9/19/21 22:45,28.46,47.29,16.18,3,middle
334,9/19/21 23:00,28.35,47.84,16.26,3,middle
335,9/19/21 23:15,28.24,48.19,16.26,3,middle
336,9/19/21 23:30,28.08,49.19,16.44,3,middle
337,9/19/21 23:45,28.44,48.36,16.51,3,middle
338,9/20/21 0:00,29.52,46.27,16.8,3,middle
339,9/20/21 0:15,28.87,48.1,16.81,3,middle
340,9/20/21 0:30,28.34,48.81,16.56,3,middle
341,9/20/21 0:45,30.11,46.15,17.29,3,middle
342,9/20/21 1:00,29.59,46.59,16.96,3,middle
343,9/20/21 1:15,28.73,48.06,16.67,3,middle
344,9/20/21 1:30,29.01,48.67,17.12,3,middle
345,9/20/21 1:45,30.07,46.2,17.27,3,middle
346,9/20/21 2:00,29.79,46.79,17.22,3,middle
347,9/20/21 2:15,29.7,47.02,17.21,3,middle
348,9/20/21 2:30,29.75,47.49,17.41,3,middle
349,9/20/21 2:45,29.66,47.73,17.41,3,middle
350,9/20/21 3:00,29.6,47.76,17.36,3,middle
351,9/20/21 3:15,29.8,47.5,17.46,3,middle
352,9/20/21 3:30,29.92,47.18,17.47,3,middle
353,9/20/21 3:45,29.88,47.11,17.4,3,middle
354,9/20/21 4:00,29.92,47.12,17.45,3,middle
355,9/20/21 4:15,29.87,47.37,17.48,3,middle
356,9/20/21 4:30,29.85,47.57,17.53,3,middle
357,9/20/21 4:45,29.82,47.79,17.58,3,middle
358,9/20/21 5:00,29.85,48.07,17.69,3,middle
359,9/20/21 5:15,29.77,48.2,17.67,3,middle
360,9/20/21 5:30,29.9,48.15,17.77,3,middle
361,9/20/21 5:45,30.07,48.16,17.93,3,middle
362,9/20/21 6:00,30.01,48.35,17.93,3,middle
363,9/20/21 6:15,30.03,48.35,17.95,3,middle
364,9/20/21 6:30,29.96,48.68,18,3,middle
365,9/20/21 6:45,29.93,48.86,18.03,3,middle
366,9/20/21 7:00,29.9,49.05,18.06,3,middle
367,9/20/21 7:15,29.91,49.27,18.14,3,middle
368,9/20/21 7:30,29.92,49.36,18.18,3,middle
369,9/20/21 7:45,29.91,49.66,18.27,3,middle
370,9/20/21 8:00,30,49.87,18.42,3,middle
371,9/20/21 8:15,30.12,49.72,18.49,3,middle
372,9/20/21 8:30,29.57,51.15,18.43,3,middle
373,9/20/21 8:45,29.83,50.9,18.6,3,middle
374,9/20/21 9:00,23.87,62.31,16.25,3,middle
375,9/20/21 9:15,25.49,58.04,16.65,3,middle
376,9/20/21 9:30,30.96,46.91,18.32,3,middle
377,9/20/21 9:45,33.32,43.7,19.32,3,middle
378,9/20/21 10:00,32.79,44.2,19.03,3,middle
379,9/20/21 10:15,27.96,53.3,17.6,3,middle
380,9/20/21 10:30,27.72,54.87,17.84,3,middle
381,9/20/21 10:45,25.8,60.55,17.62,3,middle
382,9/20/21 11:00,25.02,64.68,17.92,3,middle
383,9/20/21 11:15,26.75,58.93,18.07,3,middle
384,9/20/21 11:30,28.12,55.61,18.42,3,middle
385,9/20/21 11:45,29.63,52.77,18.99,3,middle
386,9/20/21 12:00,30.07,50.65,18.73,3,middle
387,9/20/21 12:15,29.63,49.47,17.95,3,middle
388,9/20/21 12:30,29.09,50.92,17.92,3,middle
389,9/20/21 12:45,29.8,48.13,17.67,3,middle
390,9/20/21 13:00,31.16,46.26,18.28,3,middle
391,9/20/21 13:15,32.38,44.33,18.7,3,middle
392,9/20/21 13:30,32.28,43.81,18.42,3,middle
393,9/20/21 13:45,33.52,41.55,18.69,3,middle
394,9/20/21 14:00,33.38,42.4,18.89,3,middle
395,9/20/21 14:15,33.02,42.02,18.42,3,middle
396,9/20/21 14:30,33.31,41.98,18.67,3,middle
397,9/20/21 14:45,33.71,40.64,18.5,3,middle
398,9/20/21 15:00,33.96,40.19,18.55,3,middle
399,9/20/21 15:15,34.09,39.99,18.59,3,middle
400,9/20/21 15:30,34.21,39.79,18.61,3,middle
401,9/20/21 15:45,32.5,41.74,17.85,3,middle
402,9/20/21 16:00,31.14,42.27,16.83,3,middle
403,9/20/21 16:15,32.83,39.93,17.44,3,middle
404,9/20/21 16:30,33.5,38.87,17.61,3,middle
405,9/20/21 16:45,32.74,41.11,17.82,3,middle
406,9/20/21 17:00,30.07,46.32,17.31,3,middle
407,9/20/21 17:15,29.85,46.5,17.17,3,middle
408,9/20/21 17:30,28.44,49.82,16.98,3,middle
409,9/20/21 17:45,26.91,52.76,16.47,3,middle
410,9/20/21 18:00,26.76,54.2,16.75,3,middle
411,9/20/21 18:15,25.57,56.33,16.25,3,middle
412,9/20/21 18:30,24.17,58.72,15.6,3,middle
413,9/20/21 18:45,23.53,61.5,15.72,3,middle
414,9/20/21 19:00,24.6,53.95,14.68,3,middle
415,9/20/21 19:15,28.04,44.89,14.98,3,middle
416,9/20/21 19:30,29.45,41.06,14.86,3,middle
417,9/20/21 19:45,29.91,41.18,15.32,3,middle
418,9/20/21 20:00,29.8,40.88,15.11,3,middle
419,9/20/21 20:15,29.63,39.75,14.52,3,middle
420,9/20/21 20:30,29.46,40.16,14.52,3,middle
421,9/20/21 20:45,29.33,40.05,14.37,3,middle
422,9/20/21 21:00,29.18,40.03,14.23,3,middle
423,9/20/21 21:15,29.05,40.4,14.25,3,middle
424,9/20/21 21:30,28.85,40.5,14.11,3,middle
425,9/20/21 21:45,28.69,41.15,14.21,3,middle
426,9/20/21 22:00,28.5,41.28,14.1,3,middle
427,9/20/21 22:15,28.32,41.67,14.08,3,middle
428,9/20/21 22:30,28.14,42.07,14.06,3,middle
429,9/20/21 22:45,27.95,44.62,14.8,3,middle
430,9/20/21 23:00,29.67,40.65,14.9,3,middle
431,9/20/21 23:15,28.9,41.04,14.36,3,middle
432,9/20/21 23:30,28.23,41.96,14.1,3,middle
433,9/20/21 23:45,30.2,39.68,15,3,middle
434,9/21/21 0:00,29.92,39.87,14.82,3,middle
435,9/21/21 0:15,29.6,40.81,14.9,3,middle
436,9/21/21 0:30,29.51,40.4,14.67,3,middle
437,9/21/21 0:45,29.58,40.81,14.88,3,middle
438,9/21/21 1:00,29.64,40.65,14.87,3,middle
439,9/21/21 1:15,29.63,40.51,14.81,3,middle
440,9/21/21 1:30,29.62,41.22,15.07,3,middle
441,9/21/21 1:45,29.67,40.51,14.85,3,middle
442,9/21/21 2:00,29.87,40.79,15.13,3,middle
443,9/21/21 2:15,29.93,41.18,15.33,3,middle
444,9/21/21 2:30,29.94,41.05,15.3,3,middle
445,9/21/21 2:45,29.86,41.55,15.41,3,middle
446,9/21/21 3:00,29.74,41.13,15.14,3,middle
447,9/21/21 3:15,29.7,41.03,15.07,3,middle
448,9/21/21 3:30,29.74,41.15,15.15,3,middle
449,9/21/21 3:45,29.7,40.73,14.95,3,middle
450,9/21/21 4:00,29.82,40.91,15.14,3,middle
451,9/21/21 4:15,29.87,40.7,15.09,3,middle
452,9/21/21 4:30,29.79,40.48,14.94,3,middle
453,9/21/21 4:45,29.59,40.24,14.67,3,middle
454,9/21/21 5:00,29.6,40.48,14.77,3,middle
455,9/21/21 5:15,29.58,40.91,14.92,3,middle
456,9/21/21 5:30,29.67,41.13,15.08,3,middle
457,9/21/21 5:45,29.74,40.77,15.01,3,middle
458,9/21/21 6:00,29.77,40.63,14.98,3,middle
459,9/21/21 6:15,29.71,40.35,14.82,3,middle
460,9/21/21 6:30,29.65,39.88,14.59,3,middle
461,9/21/21 6:45,29.61,39.46,14.38,3,middle
462,9/21/21 7:00,29.59,38.36,13.93,3,middle
463,9/21/21 7:15,29.63,38.64,14.08,3,middle
464,9/21/21 7:30,29.58,38.76,14.08,3,middle
465,9/21/21 7:45,29.63,39.65,14.48,3,middle
466,9/21/21 8:00,29.88,39.37,14.59,3,middle
467,9/21/21 8:15,30.09,39.16,14.7,3,middle
468,9/21/21 8:30,30.11,39.24,14.75,3,middle
469,9/21/21 8:45,30.17,39.15,14.76,3,middle
470,9/21/21 9:00,29.62,39.36,14.35,3,middle
471,9/21/21 9:15,29.17,39.39,13.97,3,middle
472,9/21/21 9:30,30.83,37.27,14.59,3,middle
473,9/21/21 9:45,33.99,32.62,15.28,3,middle
474,9/21/21 10:00,35.6,30.34,15.54,3,middle
475,9/21/21 10:15,32.07,33.74,14.13,3,middle
476,9/21/21 10:30,30.84,35.36,13.78,3,middle
477,9/21/21 10:45,28.45,38.67,13.04,3,middle
478,9/21/21 11:00,27.39,40.72,12.89,3,middle
479,9/21/21 11:15,28.01,40.6,13.4,3,middle
480,9/21/21 11:30,27.43,39.14,12.32,3,middle
481,9/21/21 11:45,28.02,40.6,13.41,3,middle
482,9/21/21 12:00,28.48,37.41,12.56,3,middle
483,9/21/21 12:15,25.15,44.6,12.26,3,middle
484,9/21/21 12:30,24.34,45.73,11.91,3,middle
485,9/21/21 12:45,23.7,48.67,12.27,3,middle
486,9/21/21 13:00,25.5,44.87,12.67,3,middle
487,9/21/21 13:15,27,41.29,12.75,3,middle
488,9/21/21 13:30,26.04,42.72,12.4,3,middle
489,9/21/21 13:45,26.91,41.74,12.83,3,middle
490,9/21/21 14:00,26.63,42.84,12.98,3,middle
491,9/21/21 14:15,25.75,44.54,12.78,3,middle
492,9/21/21 14:30,26.58,42.37,12.77,3,middle
493,9/21/21 14:45,27.88,39.37,12.81,3,middle
494,9/21/21 15:00,28.29,39.84,13.36,3,middle
495,9/21/21 15:15,28.37,36.76,12.19,3,middle
496,9/21/21 15:30,28.5,39.48,13.41,3,middle
497,9/21/21 15:45,26.52,42.35,12.71,3,middle
498,9/21/21 16:00,24.63,46.38,12.39,3,middle
499,9/21/21 16:15,26.35,40.77,11.98,3,middle
500,9/21/21 16:30,26.83,44.23,13.65,3,middle
501,9/21/21 16:45,26.18,44.56,13.18,3,middle
502,9/21/21 17:00,23.81,48.83,12.42,3,middle
503,9/21/21 17:15,26.2,42.29,12.4,3,middle
504,9/21/21 17:30,26.15,44.58,13.15,3,middle
505,9/21/21 17:45,24.93,47.24,12.94,3,middle
506,9/21/21 18:00,25.71,44.67,12.79,3,middle
507,9/21/21 18:15,27.98,40.9,13.48,3,middle
508,9/21/21 18:30,28.12,41.38,13.79,3,middle
509,9/21/21 18:45,29.33,38.9,13.92,3,middle
510,9/21/21 19:00,29.5,38.53,13.92,3,middle
511,9/21/21 19:15,29.16,36.87,12.94,3,middle
512,9/21/21 19:30,28.56,38.2,12.95,3,middle
513,9/21/21 19:45,27.95,37.33,12.06,3,middle
514,9/21/21 20:00,27.4,36.88,11.39,3,middle
515,9/21/21 20:15,29.7,35.41,12.8,3,middle
516,9/21/21 20:30,29.51,36.55,13.12,3,middle
517,9/21/21 20:45,29.37,37.44,13.37,3,middle
518,9/21/21 21:00,29.53,37.66,13.6,3,middle
519,9/21/21 21:15,29.57,38.17,13.83,3,middle
520,9/21/21 21:30,29.61,38.48,14,3,middle
521,9/21/21 21:45,29.62,38.88,14.17,3,middle
522,9/21/21 22:00,29.68,38.54,14.09,3,middle
523,9/21/21 22:15,29.72,38.59,14.14,3,middle
524,9/21/21 22:30,29.62,38.66,14.08,3,middle
525,9/21/21 22:45,29.56,38.44,13.93,3,middle
526,9/21/21 23:00,29.65,38.37,13.99,3,middle
527,9/21/21 23:15,29.61,38.28,13.91,3,middle
528,9/21/21 23:30,29.57,38.04,13.78,3,middle
529,9/21/21 23:45,29.47,38.03,13.69,3,middle
530,9/22/21 0:00,29.52,38.13,13.78,3,middle
531,9/22/21 0:15,29.51,37.79,13.63,3,middle
532,9/22/21 0:30,29.45,37.8,13.58,3,middle
533,9/22/21 0:45,29.49,37.43,13.46,3,middle
534,9/22/21 1:00,29.47,37.29,13.39,3,middle
535,9/22/21 1:15,29.51,37.16,13.37,3,middle
536,9/22/21 1:30,29.6,36.96,13.37,3,middle
537,9/22/21 1:45,29.61,36.49,13.18,3,middle
538,9/22/21 2:00,29.64,36.52,13.22,3,middle
539,9/22/21 2:15,29.63,36.38,13.15,3,middle
540,9/22/21 2:30,29.59,36.34,13.1,3,middle
541,9/22/21 2:45,29.58,36.57,13.19,3,middle
542,9/22/21 3:00,29.53,36.58,13.15,3,middle
543,9/22/21 3:15,29.61,36.38,13.13,3,middle
544,9/22/21 3:30,29.7,36.25,13.15,3,middle
545,9/22/21 3:45,29.75,36.42,13.27,3,middle
546,9/22/21 4:00,29.75,36.28,13.21,3,middle
547,9/22/21 4:15,29.73,36.34,13.22,3,middle
548,9/22/21 4:30,29.68,36.5,13.25,3,middle
549,9/22/21 4:45,29.52,36.71,13.2,3,middle
550,9/22/21 5:00,29.56,36.7,13.22,3,middle
551,9/22/21 5:15,29.59,36.8,13.29,3,middle
552,9/22/21 5:30,29.57,36.62,13.2,3,middle
553,9/22/21 5:45,29.51,36.57,13.13,3,middle
554,9/22/21 6:00,29.61,36.48,13.18,3,middle
555,9/22/21 6:15,29.67,36.17,13.1,3,middle
556,9/22/21 6:30,29.67,36.08,13.06,3,middle
557,9/22/21 6:45,29.67,36.04,13.04,3,middle
558,9/22/21 7:00,29.59,36.29,13.08,3,middle
559,9/22/21 7:15,29.52,36.31,13.03,3,middle
560,9/22/21 7:30,29.51,36.22,12.98,3,middle
561,9/22/21 7:45,29.62,36.24,13.08,3,middle
562,9/22/21 8:00,29.83,36.34,13.31,3,middle
563,9/22/21 8:15,29.88,36.23,13.31,3,middle
564,9/22/21 8:30,29.23,37.08,13.1,3,middle
565,9/22/21 8:45,29.59,36.98,13.37,3,middle
566,9/22/21 9:00,24.7,41.24,10.67,3,middle
567,9/22/21 9:15,26.72,39.53,11.84,3,middle
568,9/22/21 9:30,28.71,36.59,12.42,3,middle
569,9/22/21 9:45,34.73,28.67,13.91,3,middle
570,9/22/21 10:00,34.99,27.31,13.39,3,middle
571,9/22/21 10:15,30.76,33.07,12.68,3,middle
572,9/22/21 10:30,27.42,38.52,12.07,3,middle
573,9/22/21 10:45,27.6,38.82,12.35,3,middle
574,9/22/21 11:00,26.22,38.92,11.16,3,middle
575,9/22/21 11:15,28.62,35.89,12.06,3,middle
576,9/22/21 11:30,28.75,36.07,12.25,3,middle
577,9/22/21 11:45,29.51,35.51,12.68,3,middle
578,9/22/21 12:00,28.72,35.34,11.91,3,middle
579,9/22/21 12:15,26.89,38.72,11.67,3,middle
580,9/22/21 12:30,25.03,40.91,10.84,3,middle
581,9/22/21 12:45,25.15,41.4,11.13,3,middle
582,9/22/21 13:00,25.43,41.12,11.28,3,middle
583,9/22/21 13:15,26.19,40.58,11.76,3,middle
584,9/22/21 13:30,27.1,38.73,11.87,3,middle
585,9/22/21 13:45,28.27,37.12,12.26,3,middle
586,9/22/21 14:00,27.36,38.72,12.09,3,middle
587,9/22/21 14:15,27.1,39.34,12.1,3,middle
588,9/22/21 14:30,27.83,37.85,12.17,3,middle
589,9/22/21 14:45,28.9,37.2,12.85,3,middle
590,9/22/21 15:00,29.03,37.15,12.94,3,middle
591,9/22/21 15:15,28.48,38.08,12.83,3,middle
592,9/22/21 15:30,28.06,38.5,12.63,3,middle
593,9/22/21 15:45,26.01,42.29,12.22,3,middle
594,9/22/21 16:00,24.63,44.19,11.65,3,middle
595,9/22/21 16:15,26.38,41.82,12.39,3,middle
596,9/22/21 16:30,27.15,39.33,12.15,3,middle
597,9/22/21 16:45,30.4,31.63,11.7,3,middle
598,9/22/21 17:00,29.65,34.92,12.54,3,middle
599,9/22/21 17:15,31.08,29.21,11.07,3,middle
600,9/22/21 17:30,27.44,41.1,13.08,3,middle
601,9/22/21 17:45,25.79,43.7,12.53,3,middle
602,9/22/21 18:00,25.62,44.3,12.58,3,middle
603,9/22/21 18:15,27.14,39.04,12.03,3,middle
604,9/22/21 18:30,28.09,40.83,13.55,3,middle
605,9/22/21 18:45,29.49,38.01,13.7,3,middle
606,9/22/21 19:00,29.77,37.94,13.92,3,middle
607,9/22/21 19:15,29.48,39.01,14.09,3,middle
608,9/22/21 19:30,28.87,40,13.94,3,middle
609,9/22/21 19:45,28.2,41.61,13.95,3,middle
610,9/22/21 20:00,27.67,41.52,13.44,3,middle
611,9/22/21 20:15,29.79,38.71,14.25,3,middle
612,9/22/21 20:30,29.8,38.58,14.21,3,middle
613,9/22/21 20:45,29.36,39.54,14.2,3,middle
614,9/22/21 21:00,29.31,39.79,14.25,3,middle
615,9/22/21 21:15,29.37,39.5,14.19,3,middle
616,9/22/21 21:30,29.46,39.31,14.19,3,middle
617,9/22/21 21:45,29.52,38.93,14.1,3,middle
618,9/22/21 22:00,29.51,38.9,14.08,3,middle
619,9/22/21 22:15,29.43,38.49,13.84,3,middle
620,9/22/21 22:30,29.36,38.52,13.79,3,middle
621,9/22/21 22:45,29.35,37.9,13.53,3,middle
622,9/22/21 23:00,29.38,37.76,13.51,3,middle
623,9/22/21 23:15,29.33,37.6,13.39,3,middle
624,9/22/21 23:30,29.39,37.43,13.38,3,middle
625,9/22/21 23:45,29.37,37.46,13.38,3,middle
626,9/23/21 0:00,29.32,37.07,13.17,3,middle
627,9/23/21 0:15,29.26,37.35,13.22,3,middle
628,9/23/21 0:30,29.31,37.09,13.16,3,middle
629,9/23/21 0:45,29.3,36.81,13.04,3,middle
630,9/23/21 1:00,29.26,37.01,13.08,3,middle
631,9/23/21 1:15,29.33,36.97,13.14,3,middle
632,9/23/21 1:30,29.47,37.01,13.28,3,middle
633,9/23/21 1:45,29.46,37.13,13.31,3,middle
634,9/23/21 2:00,29.47,36.76,13.17,3,middle
635,9/23/21 2:15,29.5,37.13,13.35,3,middle
636,9/23/21 2:30,29.56,36.6,13.18,3,middle
637,9/23/21 2:45,29.52,36.26,13.01,3,middle
638,9/23/21 3:00,29.57,36.26,13.04,3,middle
639,9/23/21 3:15,29.68,35.67,12.9,3,middle
640,9/23/21 3:30,29.77,35.16,12.75,3,middle
641,9/23/21 3:45,29.72,35.21,12.73,3,middle
642,9/23/21 4:00,29.71,35.14,12.69,3,middle
643,9/23/21 4:15,29.6,34.97,12.52,3,middle
644,9/23/21 4:30,29.48,35.02,12.44,3,middle
645,9/23/21 4:45,29.61,34.91,12.5,3,middle
646,9/23/21 5:00,29.67,34.43,12.35,3,middle
647,9/23/21 5:15,29.67,34.42,12.34,3,middle
648,9/23/21 5:30,29.7,34.6,12.44,3,middle
649,9/23/21 5:45,29.71,34.72,12.5,3,middle
650,9/23/21 6:00,29.66,34.86,12.53,3,middle
651,9/23/21 6:15,29.61,34.62,12.37,3,middle
652,9/23/21 6:30,29.57,34.77,12.4,3,middle
653,9/23/21 6:45,29.56,34.47,12.26,3,middle
654,9/23/21 7:00,29.66,34.37,12.31,3,middle
655,9/23/21 7:15,29.67,34.21,12.25,3,middle
656,9/23/21 7:30,29.67,34.13,12.22,3,middle
657,9/23/21 7:45,29.68,34.26,12.28,3,middle
658,9/23/21 8:00,29.78,34.52,12.48,3,middle
659,9/23/21 8:15,29.87,34.46,12.53,3,middle
660,9/23/21 8:30,29.39,35.08,12.39,3,middle
661,9/23/21 8:45,29.67,35.33,12.74,3,middle
662,9/23/21 9:00,27.26,37.71,11.6,3,middle
663,9/23/21 9:15,25.96,39.45,11.13,3,middle
664,9/23/21 9:30,30.3,33.46,12.46,3,middle
665,9/23/21 9:45,35.15,28.61,14.24,3,middle
666,9/23/21 10:00,33.36,27.92,12.34,3,middle
667,9/23/21 10:15,31.02,31.01,11.93,3,middle
668,9/23/21 10:30,28.94,34.16,11.59,3,middle
669,9/23/21 10:45,28.3,37.44,12.42,3,middle
670,9/23/21 11:00,27.09,38.52,11.78,3,middle
671,9/23/21 11:15,27.88,34.8,10.94,3,middle
672,9/23/21 11:30,27.71,36.02,11.31,3,middle
673,9/23/21 11:45,28.38,34.44,11.22,3,middle
674,9/23/21 12:00,27.02,37.23,11.2,3,middle
675,9/23/21 12:15,24.2,41.35,10.26,3,middle
676,9/23/21 12:30,23.67,43.28,10.46,3,middle
677,9/23/21 12:45,23.29,45.91,11.01,3,middle
678,9/23/21 13:00,24.31,43.13,10.99,3,middle
679,9/23/21 13:15,24.91,42.95,11.47,3,middle
680,9/23/21 13:30,25.49,41.55,11.49,3,middle
681,9/23/21 13:45,27.2,38.86,12,3,middle
682,9/23/21 14:00,25.95,37.8,10.48,3,middle
683,9/23/21 14:15,25.17,43.37,11.85,3,middle
684,9/23/21 14:30,26.36,41.51,12.26,3,middle
685,9/23/21 14:45,26.32,42.1,12.43,3,middle
686,9/23/21 15:00,27.04,41.64,12.91,3,middle
687,9/23/21 15:15,27.36,40.49,12.77,3,middle
688,9/23/21 15:30,26.49,41.57,12.39,3,middle
689,9/23/21 15:45,25.83,43.32,12.44,3,middle
690,9/23/21 16:00,25.09,44.84,12.29,3,middle
691,9/23/21 16:15,27.09,40.92,12.69,3,middle
692,9/23/21 16:30,27.38,41.49,13.16,3,middle
693,9/23/21 16:45,27.51,39.49,12.53,3,middle
694,9/23/21 17:00,25.18,44.81,12.36,3,middle
695,9/23/21 17:15,24.61,44.8,11.84,3,middle
696,9/23/21 17:30,23.39,46.98,11.45,3,middle
697,9/23/21 17:45,24.27,45.33,11.71,3,middle
698,9/23/21 18:00,23.83,47.87,12.14,3,middle
699,9/23/21 18:15,25.32,44.09,12.24,3,middle
700,9/23/21 18:30,26.5,44.18,13.34,3,middle
701,9/23/21 18:45,28.59,38.74,13.19,3,middle
702,9/23/21 19:00,29.46,39.68,14.34,3,middle
703,9/23/21 19:15,29.37,38.3,13.72,3,middle
704,9/23/21 19:30,28.95,37.71,13.11,3,middle
705,9/23/21 19:45,28.43,37.64,12.61,3,middle
706,9/23/21 20:00,27.98,37.83,12.29,3,middle
707,9/23/21 20:15,27.66,37.6,11.91,3,middle
708,9/23/21 20:30,29.31,36.08,12.74,3,middle
709,9/23/21 20:45,28.46,35.71,11.84,3,middle
710,9/23/21 21:00,27.98,36.48,11.74,3,middle
711,9/23/21 21:15,28.8,35.75,12.16,3,middle
712,9/23/21 21:30,27.88,36.27,11.56,3,middle
713,9/23/21 21:45,28.85,34.93,11.84,3,middle
714,9/23/21 22:00,27.89,36.51,11.67,3,middle
715,9/23/21 22:15,29.6,34.62,12.36,3,middle
716,9/23/21 22:30,29.64,34.41,12.31,3,middle
717,9/23/21 22:45,29.68,34.42,12.35,3,middle
718,9/23/21 23:00,29.72,34.18,12.28,3,middle
719,9/23/21 23:15,29.79,34.17,12.34,3,middle
720,9/23/21 23:30,29.88,34.14,12.4,3,middle
721,9/23/21 23:45,29.97,34.38,12.59,3,middle
722,9/24/21 0:00,30,34.16,12.51,3,middle
723,9/24/21 0:15,29.94,33.9,12.35,3,middle
724,9/24/21 0:30,29.83,34.01,12.3,3,middle
725,9/24/21 0:45,29.77,34.35,12.4,3,middle
726,9/24/21 1:00,29.87,34.32,12.47,3,middle
727,9/24/21 1:15,29.91,34.52,12.59,3,middle
728,9/24/21 1:30,29.9,34.85,12.73,3,middle
729,9/24/21 1:45,29.85,35.04,12.77,3,middle
730,9/24/21 2:00,29.83,35.28,12.86,3,middle
731,9/24/21 2:15,29.83,35.41,12.92,3,middle
732,9/24/21 2:30,29.87,35.41,12.95,3,middle
733,9/24/21 2:45,29.77,35.74,13,3,middle
734,9/24/21 3:00,29.67,35.75,12.92,3,middle
735,9/24/21 3:15,29.67,35.77,12.93,3,middle
736,9/24/21 3:30,29.64,36.15,13.07,3,middle
737,9/24/21 3:45,29.68,36.45,13.23,3,middle
738,9/24/21 4:00,29.71,36.47,13.26,3,middle
739,9/24/21 4:15,29.75,36.55,13.33,3,middle
740,9/24/21 4:30,29.87,36.33,13.34,3,middle
741,9/24/21 4:45,29.83,36.12,13.22,3,middle
742,9/24/21 5:00,29.77,36.22,13.21,3,middle
743,9/24/21 5:15,29.73,36.25,13.18,3,middle
744,9/24/21 5:30,29.67,36.15,13.09,3,middle
745,9/24/21 5:45,29.6,36.32,13.1,3,middle
746,9/24/21 6:00,29.62,36.29,13.11,3,middle
747,9/24/21 6:15,29.64,36.25,13.11,3,middle
748,9/24/21 6:30,29.56,36.17,13,3,middle
749,9/24/21 6:45,29.64,35.81,12.92,3,middle
750,9/24/21 7:00,29.85,35.78,13.09,3,middle
751,9/24/21 7:15,29.86,35.67,13.05,3,middle
752,9/24/21 7:30,29.87,35.71,13.08,3,middle
753,9/24/21 7:45,29.92,35.98,13.24,3,middle
754,9/24/21 8:00,30.11,35.95,13.4,3,middle
755,9/24/21 8:15,30.06,36.16,13.44,3,middle
756,9/24/21 8:30,30.04,36.46,13.55,3,middle
757,9/24/21 8:45,30.15,36.59,13.69,3,middle
758,9/24/21 9:00,29.91,37.34,13.8,3,middle
759,9/24/21 9:15,30.19,38.04,14.33,3,middle
760,9/24/21 9:30,29.64,36.45,13.19,3,middle
761,9/24/21 9:45,33.62,32.05,14.69,3,middle
762,9/24/21 10:00,31.88,34.96,14.52,3,middle
763,9/24/21 10:15,30.09,36.72,13.7,3,middle
764,9/24/21 10:30,28.35,40.02,13.49,3,middle
765,9/24/21 10:45,29.82,34.52,12.52,3,middle
766,9/24/21 11:00,27.86,40.4,13.19,3,middle
767,9/24/21 11:15,27.41,42.01,13.38,3,middle
768,9/24/21 11:30,25.52,45.9,13.04,3,middle
769,9/24/21 11:45,25.4,47.07,13.31,3,middle
770,9/24/21 12:00,25.48,46.42,13.17,3,middle
771,9/24/21 12:15,24.76,48.37,13.14,3,middle
772,9/24/21 12:30,23.96,49.71,12.83,3,middle
773,9/24/21 12:45,25.4,47.86,13.57,3,middle
774,9/24/21 13:00,26.46,44.79,13.51,3,middle
775,9/24/21 13:15,27.24,42.22,13.31,3,middle
776,9/24/21 13:30,27.19,43.39,13.68,3,middle
777,9/24/21 13:45,28.67,39.81,13.68,3,middle
778,9/24/21 14:00,28.62,39.39,13.48,3,middle
779,9/24/21 14:15,28.42,40.83,13.85,3,middle
780,9/24/21 14:30,28.92,39.05,13.61,3,middle
781,9/24/21 14:45,29.42,38.26,13.74,3,middle
782,9/24/21 15:00,29.66,38.08,13.88,3,middle
783,9/24/21 15:15,29.54,39.32,14.27,3,middle
784,9/24/21 15:30,28.47,40.78,13.88,3,middle
785,9/24/21 15:45,27.83,40.59,13.23,3,middle
786,9/24/21 16:00,26.9,42.85,13.23,3,middle
787,9/24/21 16:15,28.76,38.55,13.27,3,middle
788,9/24/21 16:30,29.51,35.99,12.88,3,middle
789,9/24/21 16:45,28.95,37.84,13.16,3,middle
790,9/24/21 17:00,26.67,42.36,12.85,3,middle
791,9/24/21 17:15,26.09,43.77,12.82,3,middle
792,9/24/21 17:30,24.02,47.57,12.22,3,middle
793,9/24/21 17:45,22.78,50.9,12.1,3,middle
794,9/24/21 18:00,22.66,48.29,11.2,3,middle
795,9/24/21 18:15,24.99,46.98,12.91,3,middle
796,9/24/21 18:30,26.55,43.54,13.16,3,middle
797,9/24/21 18:45,28.79,41.34,14.38,3,middle
798,9/24/21 19:00,29.68,37.57,13.69,3,middle
799,9/24/21 19:15,29.79,36.43,13.31,3,middle
800,9/24/21 19:30,29.45,36.34,12.98,3,middle
801,9/24/21 19:45,28.92,36.98,12.78,3,middle
802,9/24/21 20:00,28.45,37.25,12.47,3,middle
803,9/24/21 20:15,28.08,38.33,12.58,3,middle
804,9/24/21 20:30,27.69,38.11,12.15,3,middle
805,9/24/21 20:45,29,37.59,13.1,3,middle
806,9/24/21 21:00,28.4,38.44,12.9,3,middle
807,9/24/21 21:15,27.81,38.73,12.5,3,middle
808,9/24/21 21:30,29.35,37.09,13.2,3,middle
809,9/24/21 21:45,28.33,37.86,12.62,3,middle
810,9/24/21 22:00,29.85,36.55,13.41,3,middle
811,9/24/21 22:15,29.63,36.84,13.34,3,middle
812,9/24/21 22:30,29.47,36.96,13.25,3,middle
813,9/24/21 22:45,29.63,37.12,13.46,3,middle
814,9/24/21 23:00,29.75,36.69,13.39,3,middle
815,9/24/21 23:15,29.82,36.48,13.36,3,middle
816,9/24/21 23:30,29.82,36.53,13.39,3,middle
817,9/24/21 23:45,29.75,36.51,13.31,3,middle
818,9/25/21 0:00,29.77,36.63,13.38,3,middle
819,9/25/21 0:15,29.76,36.73,13.41,3,middle
820,9/25/21 0:30,29.77,36.71,13.42,3,middle
821,9/25/21 0:45,29.7,36.82,13.4,3,middle
822,9/25/21 1:00,29.77,37.08,13.57,3,middle
823,9/25/21 1:15,29.83,37.14,13.65,3,middle
824,9/25/21 1:30,29.82,37.15,13.64,3,middle
825,9/25/21 1:45,29.82,37.07,13.61,3,middle
826,9/25/21 2:00,29.72,37.27,13.6,3,middle
827,9/25/21 2:15,29.7,37.47,13.66,3,middle
828,9/25/21 2:30,29.65,37.84,13.77,3,middle
829,9/25/21 2:45,29.56,38.06,13.78,3,middle
830,9/25/21 3:00,29.51,38.05,13.74,3,middle
831,9/25/21 3:15,29.62,38.13,13.87,3,middle
832,9/25/21 3:30,29.7,37.99,13.87,3,middle
833,9/25/21 3:45,29.62,38.01,13.81,3,middle
834,9/25/21 4:00,29.46,38.13,13.72,3,middle
835,9/25/21 4:15,29.48,37.92,13.65,3,middle
836,9/25/21 4:30,29.58,37.74,13.67,3,middle
837,9/25/21 4:45,29.53,37.95,13.71,3,middle
838,9/25/21 5:00,29.54,37.9,13.7,3,middle
839,9/25/21 5:15,29.58,38.03,13.79,3,middle
840,9/25/21 5:30,29.58,38.27,13.88,3,middle
841,9/25/21 5:45,29.56,38.16,13.82,3,middle
842,9/25/21 6:00,29.63,38.16,13.89,3,middle
843,9/25/21 6:15,29.71,37.99,13.88,3,middle
844,9/25/21 6:30,29.75,37.67,13.79,3,middle
845,9/25/21 6:45,29.64,37.92,13.8,3,middle
846,9/25/21 7:00,29.56,37.86,13.7,3,middle
847,9/25/21 7:15,29.66,37.48,13.64,3,middle
848,9/25/21 7:30,29.68,37.47,13.65,3,middle
849,9/25/21 7:45,29.73,37.57,13.73,3,middle
850,9/25/21 8:00,29.85,37.6,13.85,3,middle
851,9/25/21 8:15,29.91,37.36,13.81,3,middle
852,9/25/21 8:30,29.7,37.99,13.88,3,middle
853,9/25/21 8:45,29.53,38.61,13.98,3,middle
854,9/25/21 9:00,28.46,37.07,12.41,3,middle
855,9/25/21 9:15,26.56,41.93,12.59,3,middle
856,9/25/21 9:30,28.08,39.05,12.86,3,middle
857,9/25/21 9:45,33.86,31.11,14.43,3,middle
858,9/25/21 10:00,33.37,33.33,15.08,3,middle
859,9/25/21 10:15,30.05,37.64,14.05,3,middle
860,9/25/21 10:30,24.36,46.7,12.25,3,middle
861,9/25/21 10:45,25.86,47.29,13.8,3,middle
862,9/25/21 11:00,25.05,47.83,13.24,3,middle
863,9/25/21 11:15,25.97,46.3,13.58,3,middle
864,9/25/21 11:30,25.89,46.81,13.67,3,middle
865,9/25/21 11:45,25.05,48.36,13.41,3,middle
866,9/25/21 12:00,25.06,49.16,13.67,3,middle
867,9/25/21 12:15,24.95,50.52,13.99,3,middle
868,9/25/21 12:30,24.66,50.93,13.85,3,middle
869,9/25/21 12:45,25.61,48.62,14,3,middle
870,9/25/21 13:00,27.43,44.39,14.25,3,middle
871,9/25/21 13:15,27.95,43.14,14.28,3,middle
872,9/25/21 13:30,28.47,42.56,14.54,3,middle
873,9/25/21 13:45,29.65,37.95,13.82,3,middle
874,9/25/21 14:00,29.56,38.11,13.8,3,middle
875,9/25/21 14:15,29.03,39.21,13.77,3,middle
876,9/25/21 14:30,29.67,38.22,13.95,3,middle
877,9/25/21 14:45,30.79,36.17,14.08,3,middle
878,9/25/21 15:00,30.67,35.5,13.69,3,middle
879,9/25/21 15:15,30.79,36.47,14.21,3,middle
880,9/25/21 15:30,30.4,35.18,13.32,3,middle
881,9/25/21 15:45,28.75,38.92,13.41,3,middle
882,9/25/21 16:00,27.85,40.62,13.26,3,middle
883,9/25/21 16:15,27.76,40.42,13.11,3,middle
884,9/25/21 16:30,26.45,42,12.51,3,middle
885,9/25/21 16:45,25.22,46.25,12.88,3,middle
886,9/25/21 17:00,24.2,46.45,12.02,3,middle
887,9/25/21 17:15,25.46,42.83,11.93,3,middle
888,9/25/21 17:30,26.33,42.23,12.49,3,middle
889,9/25/21 17:45,26.67,42.43,12.87,3,middle
890,9/25/21 18:00,26.28,42.41,12.52,3,middle
891,9/25/21 18:15,29.2,41.12,14.66,3,middle
892,9/25/21 18:30,28.14,38.88,12.85,3,middle
893,9/25/21 18:45,28.97,37.77,13.14,3,middle
894,9/25/21 19:00,29.59,38.19,13.86,3,middle
895,9/25/21 19:15,29.57,38.43,13.94,3,middle
896,9/25/21 19:30,29.23,40.07,14.29,3,middle
897,9/25/21 19:45,28.9,40.61,14.2,3,middle
898,9/25/21 20:00,28.59,40.87,14.02,3,middle
899,9/25/21 20:15,28.37,39.84,13.42,3,middle
900,9/25/21 20:30,28.21,40.03,13.36,3,middle
901,9/25/21 20:45,28.06,40.31,13.34,3,middle
902,9/25/21 21:00,28.02,39.94,13.16,3,middle
903,9/25/21 21:15,29.7,36.78,13.38,3,middle
904,9/25/21 21:30,28.99,38.4,13.41,3,middle
905,9/25/21 21:45,28.35,39.66,13.35,3,middle
906,9/25/21 22:00,29.92,37.77,13.99,3,middle
907,9/25/21 22:15,30.04,37.68,14.05,3,middle
908,9/25/21 22:30,29.75,38.5,14.13,3,middle
909,9/25/21 22:45,29.57,39.61,14.41,3,middle
910,9/25/21 23:00,29.49,39.91,14.46,3,middle
911,9/25/21 23:15,29.5,40.12,14.55,3,middle
912,9/25/21 23:30,29.87,39.81,14.75,3,middle
913,9/25/21 23:45,29.97,39.9,14.88,3,middle
914,9/26/21 0:00,30.02,40.32,15.08,3,middle
915,9/26/21 0:15,30.02,40.49,15.15,3,middle
916,9/26/21 0:30,30.06,40.66,15.25,3,middle
917,9/26/21 0:45,30.03,40.82,15.28,3,middle
918,9/26/21 1:00,29.9,41.01,15.24,3,middle
919,9/26/21 1:15,29.9,41.14,15.29,3,middle
920,9/26/21 1:30,29.72,41.5,15.27,3,middle
921,9/26/21 1:45,29.7,41.45,15.23,3,middle
922,9/26/21 2:00,29.72,41.33,15.2,3,middle
923,9/26/21 2:15,29.64,41.38,15.15,3,middle
924,9/26/21 2:30,29.58,41.78,15.24,3,middle
925,9/26/21 2:45,29.63,41.57,15.21,3,middle
926,9/26/21 3:00,29.75,41.55,15.31,3,middle
927,9/26/21 3:15,29.71,41.48,15.25,3,middle
928,9/26/21 3:30,29.67,41.79,15.33,3,middle
929,9/26/21 3:45,29.64,41.59,15.23,3,middle
930,9/26/21 4:00,29.62,41.61,15.22,3,middle
931,9/26/21 4:15,29.57,41.63,15.18,3,middle
932,9/26/21 4:30,29.53,41.64,15.15,3,middle
933,9/26/21 4:45,29.53,41.63,15.15,3,middle
934,9/26/21 5:00,29.54,41.55,15.13,3,middle
935,9/26/21 5:15,29.59,41.59,15.18,3,middle
936,9/26/21 5:30,29.64,41.55,15.21,3,middle
937,9/26/21 5:45,29.63,41.56,15.21,3,middle
938,9/26/21 6:00,29.58,41.74,15.23,3,middle
939,9/26/21 6:15,29.6,41.74,15.25,3,middle
940,9/26/21 6:30,29.58,41.79,15.25,3,middle
941,9/26/21 6:45,29.64,41.8,15.31,3,middle
942,9/26/21 7:00,29.64,41.52,15.21,3,middle
943,9/26/21 7:15,29.63,41.71,15.27,3,middle
944,9/26/21 7:30,29.63,41.88,15.33,3,middle
945,9/26/21 7:45,29.64,42.11,15.43,3,middle
946,9/26/21 8:00,29.74,42.27,15.57,3,middle
947,9/26/21 8:15,29.96,41.98,15.67,3,middle
948,9/26/21 8:30,29.66,42.73,15.67,3,middle
949,9/26/21 8:45,29.49,43.64,15.85,3,middle
950,9/26/21 9:00,26.42,44.82,13.49,3,middle
951,9/26/21 9:15,24,50.97,13.25,3,middle
952,9/26/21 9:30,29.13,42.48,15.1,3,middle
953,9/26/21 9:45,32.39,37.32,15.98,3,middle
954,9/26/21 10:00,33.32,36.99,16.67,3,middle
955,9/26/21 10:15,30.32,39.97,15.22,3,middle
956,9/26/21 10:30,25.59,49.87,14.37,3,middle
957,9/26/21 10:45,26.67,50.5,15.56,3,middle
958,9/26/21 11:00,26.01,49.47,14.63,3,middle
959,9/26/21 11:15,25.4,52.67,15.05,3,middle
960,9/26/21 11:30,25.93,49.85,14.68,3,middle
961,9/26/21 11:45,25.33,51.24,14.56,3,middle
962,9/26/21 12:00,24.76,53.03,14.57,3,middle
963,9/26/21 12:15,24.48,52.78,14.23,3,middle
964,9/26/21 12:30,24.14,53.64,14.17,3,middle
965,9/26/21 12:45,24.43,52.25,14.03,3,middle
966,9/26/21 13:00,25.75,48.14,13.97,3,middle
967,9/26/21 13:15,26.54,46.1,14.03,3,middle
968,9/26/21 13:30,27.04,44.9,14.07,3,middle
969,9/26/21 13:45,27.5,44.44,14.33,3,middle
970,9/26/21 14:00,27.96,42.1,13.91,3,middle
971,9/26/21 14:15,27.42,44.7,14.35,3,middle
972,9/26/21 14:30,28.18,41.61,13.93,3,middle
973,9/26/21 14:45,28.74,39.82,13.75,3,middle
974,9/26/21 15:00,28.47,39.89,13.54,3,middle
975,9/26/21 15:15,28.82,40.03,13.9,3,middle
976,9/26/21 15:30,27.8,41.11,13.4,3,middle
977,9/26/21 15:45,26.81,42.68,13.09,3,middle
978,9/26/21 16:00,25.97,46.69,13.71,3,middle
979,9/26/21 16:15,26.62,45.09,13.76,3,middle
980,9/26/21 16:30,25.84,45.75,13.28,3,middle
981,9/26/21 16:45,25.28,48.07,13.52,3,middle
982,9/26/21 17:00,23.94,51.58,13.37,3,middle
983,9/26/21 17:15,25.69,52.14,15.16,3,middle
984,9/26/21 17:30,26.47,46.35,14.04,3,middle
985,9/26/21 17:45,26.67,45.47,13.94,3,middle
986,9/26/21 18:00,26.02,48.03,14.19,3,middle
987,9/26/21 18:15,24.93,50.94,14.1,3,middle
988,9/26/21 18:30,27.66,45.5,14.84,3,middle
989,9/26/21 18:45,27.68,47.8,15.63,3,middle
990,9/26/21 19:00,28.93,44.3,15.58,3,middle
991,9/26/21 19:15,29.38,43.52,15.71,3,middle
992,9/26/21 19:30,29.27,44.2,15.84,3,middle
993,9/26/21 19:45,28.92,43.51,15.29,3,middle
994,9/26/21 20:00,28.59,44.37,15.29,3,middle
995,9/26/21 20:15,28.38,44.41,15.11,3,middle
996,9/26/21 20:30,28.19,44.37,14.94,3,middle
997,9/26/21 20:45,27.95,45,14.93,3,middle
998,9/26/21 21:00,28.15,45.04,15.13,3,middle
999,9/26/21 21:15,29.5,42.57,15.47,3,middle
1000,9/26/21 21:30,28.72,43.89,15.24,3,middle
1001,9/26/21 21:45,28.1,44.73,14.97,3,middle
1002,9/26/21 22:00,29.39,42.56,15.37,3,middle
1003,9/26/21 22:15,28.6,43.99,15.17,3,middle
1004,9/26/21 22:30,27.99,45.01,14.97,3,middle
1005,9/26/21 22:45,29.59,41.89,15.3,3,middle
1006,9/26/21 23:00,28.63,43.84,15.15,3,middle
1007,9/26/21 23:15,29.92,42.5,15.82,3,middle
1008,9/26/21 23:30,29.88,42.49,15.78,3,middle
1009,9/26/21 23:45,29.57,43.18,15.75,3,middle
1010,9/27/21 0:00,29.56,43.46,15.84,3,middle
1011,9/27/21 0:15,29.83,43.05,15.94,3,middle
1012,9/27/21 0:30,29.93,43.1,16.05,3,middle
1013,9/27/21 0:45,29.92,43.37,16.14,3,middle
1014,9/27/21 1:00,29.91,43.81,16.28,3,middle
1015,9/27/21 1:15,29.9,44.36,16.47,3,middle
1016,9/27/21 1:30,29.82,44.64,16.5,3,middle
1017,9/27/21 1:45,29.79,45.04,16.61,3,middle
1018,9/27/21 2:00,29.79,45.38,16.73,3,middle
1019,9/27/21 2:15,29.85,45.51,16.83,3,middle
1020,9/27/21 2:30,29.87,45.68,16.91,3,middle
1021,9/27/21 2:45,29.81,45.84,16.91,3,middle
1022,9/27/21 3:00,29.77,45.92,16.9,3,middle
1023,9/27/21 3:15,29.67,46.25,16.93,3,middle
1024,9/27/21 3:30,29.63,46.3,16.9,3,middle
1025,9/27/21 3:45,29.65,46.3,16.92,3,middle
1026,9/27/21 4:00,29.86,45.97,17,3,middle
1027,9/27/21 4:15,29.95,45.9,17.06,3,middle
1028,9/27/21 4:30,29.92,46.07,17.09,3,middle
1029,9/27/21 4:45,29.96,46.19,17.17,3,middle
1030,9/27/21 5:00,29.85,46.31,17.1,3,middle
1031,9/27/21 5:15,29.86,46.32,17.12,3,middle
1032,9/27/21 5:30,29.92,46.13,17.11,3,middle
1033,9/27/21 5:45,29.96,45.89,17.06,3,middle
1034,9/27/21 6:00,29.92,45.92,17.03,3,middle
1035,9/27/21 6:15,29.8,46.04,16.97,3,middle
1036,9/27/21 6:30,29.77,45.99,16.93,3,middle
1037,9/27/21 6:45,29.77,45.88,16.89,3,middle
1038,9/27/21 7:00,29.77,45.71,16.83,3,middle
1039,9/27/21 7:15,29.83,45.55,16.83,3,middle
1040,9/27/21 7:30,29.77,45.6,16.79,3,middle
1041,9/27/21 7:45,29.87,45.56,16.86,3,middle
1042,9/27/21 8:00,29.9,45.01,16.7,3,middle
1043,9/27/21 8:15,29.87,44.85,16.61,3,middle
1044,9/27/21 8:30,30.06,44.47,16.66,3,middle
1045,9/27/21 8:45,30.23,44.12,16.69,3,middle
1046,9/27/21 9:00,30.39,44.15,16.84,3,middle
1047,9/27/21 9:15,30.56,44.1,16.98,3,middle
1048,9/27/21 9:30,30.59,44.26,17.06,3,middle
1049,9/27/21 9:45,31.15,44.32,17.59,3,middle
1050,9/27/21 10:00,32.29,40.66,17.24,3,middle
1051,9/27/21 10:15,31.25,44.94,17.9,3,middle
1052,9/27/21 10:30,29.06,49.91,17.57,3,middle
1053,9/27/21 10:45,30.25,48.77,18.3,3,middle
1054,9/27/21 11:00,30.46,45.97,17.54,3,middle
1055,9/27/21 11:15,30.35,47.07,17.82,3,middle
1056,9/27/21 11:30,30.46,45.06,17.22,3,middle
1057,9/27/21 11:45,30.72,72.19,25.17,3,middle
1058,9/27/21 12:00,29.12,61.52,20.99,3,middle
1059,9/27/21 12:15,28.77,67.28,22.13,3,middle
1060,9/27/21 12:30,27.74,50.7,16.61,3,middle
1061,9/27/21 12:45,28.1,57.51,18.94,3,middle
1062,9/27/21 13:00,28.72,59.15,19.98,3,middle
1063,9/27/21 13:15,27.78,58.24,18.84,3,middle
1064,9/27/21 13:30,27.23,62.54,19.48,3,middle
1065,9/27/21 13:45,29.5,61.18,21.26,3,middle
1066,9/27/21 14:00,28.61,52.22,17.88,3,middle
1067,9/27/21 14:15,25.83,60.3,17.58,3,middle
1068,9/27/21 14:30,25.76,62.04,17.96,3,middle
1069,9/27/21 14:45,27.15,59.18,18.52,3,middle
1070,9/27/21 15:00,27.29,56.52,17.91,3,middle
1071,9/27/21 15:15,27.63,54.66,17.69,3,middle
1072,9/27/21 15:30,27.34,55.29,17.6,3,middle
1073,9/27/21 15:45,25.57,58.26,16.78,3,middle
1074,9/27/21 16:00,25.09,60.87,17.03,3,middle
1075,9/27/21 16:15,27.26,54.76,17.38,3,middle
1076,9/27/21 16:30,27.61,53.58,17.37,3,middle
1077,9/27/21 16:45,27.51,53.76,17.32,3,middle
1078,9/27/21 17:00,25.81,57.2,16.72,3,middle
1079,9/27/21 17:15,25.92,57.18,16.82,3,middle
1080,9/27/21 17:30,24.17,62.82,16.66,3,middle
1081,9/27/21 17:45,23.95,63.61,16.65,3,middle
1082,9/27/21 18:00,23.96,62.35,16.34,3,middle
1083,9/27/21 18:15,26.1,57.31,17.03,3,middle
1084,9/27/21 18:30,26.89,56.41,17.5,3,middle
1085,9/27/21 18:45,28.67,51.84,17.81,3,middle
1086,9/27/21 19:00,29.37,53.04,18.83,3,middle
1087,9/27/21 19:15,29.36,48.5,17.39,3,middle
1088,9/27/21 19:30,28.99,49.99,17.53,3,middle
1089,9/27/21 19:45,28.6,51.23,17.56,3,middle
1090,9/27/21 20:00,28.29,51.88,17.48,3,middle
1091,9/27/21 20:15,28.12,51.78,17.29,3,middle
1092,9/27/21 20:30,27.94,51.88,17.15,3,middle
1093,9/27/21 20:45,29.21,50.3,17.84,3,middle
1094,9/27/21 21:00,28.89,51.07,17.78,3,middle
1095,9/27/21 21:15,28.21,53.44,17.88,3,middle
1096,9/27/21 21:30,29.36,55.44,19.53,3,middle
1097,9/27/21 21:45,29.12,60.06,20.6,3,middle
1098,9/27/21 22:00,29.73,62.09,21.72,3,middle
1099,9/27/21 22:15,29.88,62.41,21.94,3,middle
1100,9/27/21 22:30,29.95,63.29,22.24,3,middle
1101,9/27/21 22:45,29.97,63.51,22.32,3,middle
1102,9/27/21 23:00,29.74,63.33,22.05,3,middle
1103,9/27/21 23:15,29.57,63.22,21.86,3,middle
1104,9/27/21 23:30,29.66,62.96,21.88,3,middle
1105,9/27/21 23:45,29.7,62.32,21.74,3,middle
1106,9/28/21 0:00,29.66,62.1,21.66,3,middle
1107,9/28/21 0:15,29.62,61.79,21.53,3,middle
1108,9/28/21 0:30,29.57,61.6,21.43,3,middle
1109,9/28/21 0:45,29.66,61.33,21.45,3,middle
1110,9/28/21 1:00,29.8,60.96,21.48,3,middle
1111,9/28/21 1:15,29.77,60.68,21.38,3,middle
1112,9/28/21 1:30,29.75,60.42,21.29,3,middle
1113,9/28/21 1:45,29.74,60.25,21.23,3,middle
1114,9/28/21 2:00,29.66,59.97,21.09,3,middle
1115,9/28/21 2:15,29.59,59.9,20.99,3,middle
1116,9/28/21 2:30,29.59,59.68,20.94,3,middle
1117,9/28/21 2:45,29.62,59.46,20.91,3,middle
1118,9/28/21 3:00,29.63,59.28,20.87,3,middle
1119,9/28/21 3:15,29.71,58.95,20.85,3,middle
1120,9/28/21 3:30,29.76,58.95,20.9,3,middle
1121,9/28/21 3:45,29.83,58.87,20.95,3,middle
1122,9/28/21 4:00,29.85,58.54,20.86,3,middle
1123,9/28/21 4:15,29.8,58.39,20.78,3,middle
1124,9/28/21 4:30,29.79,58.32,20.75,3,middle
1125,9/28/21 4:45,29.79,58.21,20.72,3,middle
1126,9/28/21 5:00,29.78,58.06,20.67,3,middle
1127,9/28/21 5:15,29.79,57.97,20.65,3,middle
1128,9/28/21 5:30,29.78,57.66,20.56,3,middle
1129,9/28/21 5:45,29.74,57.66,20.52,3,middle
1130,9/28/21 6:00,29.74,57.38,20.44,3,middle
1131,9/28/21 6:15,29.66,57.18,20.31,3,middle
1132,9/28/21 6:30,29.64,56.92,20.22,3,middle
1133,9/28/21 6:45,29.6,56.53,20.07,3,middle
1134,9/28/21 7:00,29.61,56.12,19.96,3,middle
1135,9/28/21 7:15,29.78,55.89,20.05,3,middle
1136,9/28/21 7:30,29.91,55.65,20.1,3,middle
1137,9/28/21 7:45,30,55.55,20.15,3,middle
1138,9/28/21 8:00,30.07,55.56,20.22,3,middle
1139,9/28/21 8:15,30.02,55.72,20.22,3,middle
1140,9/28/21 8:30,29.88,56.18,20.22,3,middle
1141,9/28/21 8:45,29.49,57.98,20.38,3,middle
1142,9/28/21 9:00,29.61,58.04,20.5,3,middle
1143,9/28/21 9:15,27.07,58.27,18.19,3,middle
1144,9/28/21 9:30,29.7,54.72,19.63,3,middle
1145,9/28/21 9:45,32.19,50.45,20.62,3,middle
1146,9/28/21 10:00,34.34,41.93,19.57,3,middle
1147,9/28/21 10:15,31.52,50.79,20.11,3,middle
1148,9/28/21 10:30,28.2,53.44,17.87,3,middle
1149,9/28/21 10:45,27.96,56.05,18.4,3,middle
1150,9/28/21 11:00,26.38,60.67,18.19,3,middle
1151,9/28/21 11:15,27.55,55.05,17.74,3,middle
1152,9/28/21 11:30,25.87,58.34,17.09,3,middle
1153,9/28/21 11:45,26.78,55.69,17.2,3,middle
1154,9/28/21 12:00,25.5,56.45,16.23,3,middle
1155,9/28/21 12:15,25.03,57.83,16.16,3,middle
1156,9/28/21 12:30,24.36,59.81,16.07,3,middle
1157,9/28/21 12:45,24.94,57.95,16.12,3,middle
1158,9/28/21 13:00,26.35,55.53,16.76,3,middle
1159,9/28/21 13:15,26.95,51.89,16.25,3,middle
1160,9/28/21 13:30,28.95,47.7,16.76,3,middle
1161,9/28/21 13:45,26.91,52.09,16.27,3,middle
1162,9/28/21 14:00,25.63,55.44,16.06,3,middle
1163,9/28/21 14:15,24.18,57.56,15.3,3,middle
1164,9/28/21 14:30,23.58,60.24,15.45,3,middle
1165,9/28/21 14:45,24.13,58.93,15.62,3,middle
1166,9/28/21 15:00,25.6,55.77,16.13,3,middle
1167,9/28/21 15:15,25.32,55.81,15.88,3,middle
1168,9/28/21 15:30,25.72,54.88,15.98,3,middle
1169,9/28/21 15:45,24.76,56.52,15.56,3,middle
1170,9/28/21 16:00,24.2,56.43,15.01,3,middle
1171,9/28/21 16:15,24.05,57.14,15.07,3,middle
1172,9/28/21 16:30,25.08,54.59,15.31,3,middle
1173,9/28/21 16:45,25.99,52.86,15.65,3,middle
1174,9/28/21 17:00,24.7,56.03,15.36,3,middle
1175,9/28/21 17:15,25.01,53.95,15.06,3,middle
1176,9/28/21 17:30,23.51,58.09,14.81,3,middle
1177,9/28/21 17:45,23.96,54.84,14.34,3,middle
1178,9/28/21 18:00,23.87,54.23,14.09,3,middle
1179,9/28/21 18:15,27.85,52.45,17.25,3,middle
1180,9/28/21 18:30,26.73,48.42,14.97,3,middle
1181,9/28/21 18:45,28.01,51.59,17.13,3,middle
1182,9/28/21 19:00,28.8,54.01,18.6,3,middle
1183,9/28/21 19:15,28.92,49.08,17.18,3,middle
1184,9/28/21 19:30,28.76,48.5,16.84,3,middle
1185,9/28/21 19:45,28.41,50.31,17.1,3,middle
1186,9/28/21 20:00,28.04,51.61,17.17,3,middle
1187,9/28/21 20:15,27.75,51.43,16.85,3,middle
1188,9/28/21 20:30,29.29,49.16,17.54,3,middle
1189,9/28/21 20:45,28.69,49.78,17.19,3,middle
1190,9/28/21 21:00,28,52.24,17.32,3,middle
1191,9/28/21 21:15,28.92,49.92,17.45,3,middle
1192,9/28/21 21:30,28.23,51.49,17.3,3,middle
1193,9/28/21 21:45,29.85,47.72,17.58,3,middle
1194,9/28/21 22:00,29.77,47.55,17.45,3,middle
1195,9/28/21 22:15,29.45,48.15,17.36,3,middle
1196,9/28/21 22:30,29.54,47.69,17.29,3,middle
1197,9/28/21 22:45,29.68,47.43,17.33,3,middle
1198,9/28/21 23:00,29.75,47.16,17.3,3,middle
1199,9/28/21 23:15,29.67,47.1,17.21,3,middle
1200,9/28/21 23:30,29.75,46.78,17.17,3,middle
1201,9/28/21 23:45,29.82,46.55,17.16,3,middle
1202,9/29/21 0:00,29.92,46.12,17.1,3,middle
1203,9/29/21 0:15,29.87,46.47,17.18,3,middle
1204,9/29/21 0:30,29.83,46.37,17.11,3,middle
1205,9/29/21 0:45,29.63,46.65,17.02,3,middle
1206,9/29/21 1:00,29.58,46.68,16.98,3,middle
1207,9/29/21 1:15,29.58,46.54,16.94,3,middle
1208,9/29/21 1:30,29.56,46.54,16.92,3,middle
1209,9/29/21 1:45,29.52,46.4,16.84,3,middle
1210,9/29/21 2:00,29.51,46.37,16.82,3,middle
1211,9/29/21 2:15,29.54,45.91,16.69,3,middle
1212,9/29/21 2:30,29.57,45.81,16.68,3,middle
1213,9/29/21 2:45,29.54,45.73,16.63,3,middle
1214,9/29/21 3:00,29.49,45.5,16.5,3,middle
1215,9/29/21 3:15,29.39,45.46,16.4,3,middle
1216,9/29/21 3:30,29.52,45.27,16.45,3,middle
1217,9/29/21 3:45,29.74,45.27,16.65,3,middle
1218,9/29/21 4:00,29.79,44.79,16.53,3,middle
1219,9/29/21 4:15,29.72,44.74,16.44,3,middle
1220,9/29/21 4:30,29.61,44.85,16.38,3,middle
1221,9/29/21 4:45,29.51,44.75,16.26,3,middle
1222,9/29/21 5:00,29.54,44.86,16.33,3,middle
1223,9/29/21 5:15,29.59,44.66,16.3,3,middle
1224,9/29/21 5:30,29.68,44.49,16.32,3,middle
1225,9/29/21 5:45,29.64,44.32,16.23,3,middle
1226,9/29/21 6:00,29.61,44.19,16.15,3,middle
1227,9/29/21 6:15,29.64,44.25,16.2,3,middle
1228,9/29/21 6:30,29.63,44.15,16.16,3,middle
1229,9/29/21 6:45,29.7,44.09,16.19,3,middle
1230,9/29/21 7:00,29.63,44.16,16.16,3,middle
1231,9/29/21 7:15,29.76,43.92,16.19,3,middle
1232,9/29/21 7:30,29.79,43.69,16.14,3,middle
1233,9/29/21 7:45,29.79,44.05,16.26,3,middle
1234,9/29/21 8:00,29.86,44.06,16.33,3,middle
1235,9/29/21 8:15,29.94,44.04,16.4,3,middle
1236,9/29/21 8:22,,,,3,middle
1237,9/29/21 8:30,29.74,43.57,16.04,3,middle
1238,9/29/21 8:45,29.26,45.43,16.27,3,middle
1239,9/29/21 9:00,25.92,47.52,13.93,3,middle
1240,9/29/21 9:15,26.47,51.45,15.67,3,middle
1241,9/29/21 9:30,27.25,48.97,15.61,3,middle
1242,9/29/21 9:45,31.56,41.98,17.1,3,middle
1243,9/29/21 10:00,32.34,43.28,18.28,3,middle
1244,9/29/21 10:15,29.49,46.05,16.69,3,middle
1245,9/29/21 10:30,27.21,51.46,16.35,3,middle
1246,9/29/21 10:45,26.69,55.28,17,3,middle
1247,9/29/21 11:00,24.43,57.92,15.63,3,middle
1248,9/29/21 11:15,27.79,50.48,16.58,3,middle
1249,9/29/21 11:30,26.09,55.3,16.45,3,middle
1250,9/29/21 11:45,26.34,53.67,16.21,3,middle
1251,9/29/21 12:00,25.45,55.31,15.86,3,middle
1252,9/29/21 12:15,25.04,57.32,16.04,3,middle
1253,9/29/21 12:30,24.34,60.04,16.11,3,middle
1254,9/29/21 12:45,25.12,57.81,16.24,3,middle
1255,9/29/21 13:00,26.65,52.64,16.2,3,middle
1256,9/29/21 13:15,27.39,51.78,16.62,3,middle
1257,9/29/21 13:30,27.5,52.14,16.82,3,middle
1258,9/29/21 13:45,28.64,49.18,16.96,3,middle
1259,9/29/21 14:00,28.02,48.29,16.1,3,middle
1260,9/29/21 14:15,28.1,49.78,16.65,3,middle
1261,9/29/21 14:30,28.57,47.74,16.42,3,middle
1262,9/29/21 14:45,29.07,46.32,16.41,3,middle
1263,9/29/21 15:00,29.28,44.74,16.04,3,middle
1264,9/29/21 15:15,30.31,43.18,16.42,3,middle
1265,9/29/21 15:30,29.23,43.95,15.73,3,middle
1266,9/29/21 15:45,26.9,48.6,15.17,3,middle
1267,9/29/21 16:00,26.57,50.35,15.43,3,middle
1268,9/29/21 16:15,28.15,45.34,15.23,3,middle
1269,9/29/21 16:30,28.35,46.42,15.78,3,middle
1270,9/29/21 16:45,27.82,46.01,15.16,3,middle
1271,9/29/21 17:00,25.67,49.96,14.48,3,middle
1272,9/29/21 17:15,25.65,51.02,14.79,3,middle
1273,9/29/21 17:30,23.92,55.03,14.36,3,middle
1274,9/29/21 17:45,23.45,55.46,14.04,3,middle
1275,9/29/21 18:00,23.15,55.11,13.67,3,middle
1276,9/29/21 18:15,24.27,54.39,14.5,3,middle
1277,9/29/21 18:30,25.91,53.08,15.64,3,middle
1278,9/29/21 18:45,28.16,46.95,15.79,3,middle
1279,9/29/21 19:00,29.18,46.8,16.66,3,middle
1280,9/29/21 19:15,29.37,44.52,16.05,3,middle
1281,9/29/21 19:30,29.17,43.99,15.68,3,middle
1282,9/29/21 19:45,28.82,45.5,15.89,3,middle
1283,9/29/21 20:00,28.48,45.46,15.58,3,middle
1284,9/29/21 20:15,28.18,46.27,15.58,3,middle
1285,9/29/21 20:30,27.96,47.79,15.88,3,middle
1286,9/29/21 20:45,27.72,47.66,15.62,3,middle
1287,9/29/21 21:00,29.12,44.64,15.86,3,middle
1288,9/29/21 21:15,28.52,45.76,15.71,3,middle
1289,9/29/21 21:30,27.96,46.38,15.41,3,middle
1290,9/29/21 21:45,29.36,44.58,16.07,3,middle
1291,9/29/21 22:00,28.59,45.13,15.56,3,middle
1292,9/29/21 22:15,28.13,46.28,15.53,3,middle
1293,9/29/21 22:30,30.03,42.68,15.98,3,middle
1294,9/29/21 22:45,29.71,43.53,16,3,middle
1295,9/29/21 23:00,29.76,44.2,16.29,3,middle
1296,9/29/21 23:15,29.82,44.09,16.31,3,middle
1297,9/29/21 23:30,29.75,44.47,16.37,3,middle
1298,9/29/21 23:45,29.48,44.83,16.26,3,middle
1299,9/30/21 0:00,29.52,44.51,16.19,3,middle
1300,9/30/21 0:15,29.72,44.2,16.25,3,middle
1301,9/30/21 0:30,29.74,44.1,16.23,3,middle
1302,9/30/21 0:45,29.77,44.1,16.26,3,middle
1303,9/30/21 1:00,29.77,44.27,16.32,3,middle
1304,9/30/21 1:15,29.68,44.37,16.28,3,middle
1305,9/30/21 1:30,29.59,44.54,16.26,3,middle
1306,9/30/21 1:45,29.57,44.47,16.21,3,middle
1307,9/30/21 2:00,29.51,44.39,16.13,3,middle
1308,9/30/21 2:15,29.49,44.11,16.01,3,middle
1309,9/30/21 2:30,29.62,43.64,15.96,3,middle
1310,9/30/21 2:45,29.62,43.27,15.83,3,middle
1311,9/30/21 3:00,29.53,43.4,15.8,3,middle
1312,9/30/21 3:15,29.51,43.2,15.71,3,middle
1313,9/30/21 3:30,29.51,43.11,15.68,3,middle
1314,9/30/21 3:45,29.54,42.34,15.42,3,middle
1315,9/30/21 4:00,29.54,42.23,15.38,3,middle
1316,9/30/21 4:15,29.59,42.02,15.34,3,middle
1317,9/30/21 4:30,29.63,41.84,15.31,3,middle
1318,9/30/21 4:45,29.68,42.1,15.46,3,middle
1319,9/30/21 5:00,29.7,42.06,15.45,3,middle
1320,9/30/21 5:15,29.73,42.22,15.54,3,middle
1321,9/30/21 5:30,29.76,42.31,15.6,3,middle
1322,9/30/21 5:45,29.8,42.84,15.84,3,middle
1323,9/30/21 6:00,29.85,42.94,15.91,3,middle
1324,9/30/21 6:15,29.76,43.34,15.98,3,middle
1325,9/30/21 6:30,29.66,43.8,16.06,3,middle
1326,9/30/21 6:45,29.61,44.36,16.21,3,middle
1327,9/30/21 7:00,29.49,44.22,16.06,3,middle
1328,9/30/21 7:15,29.54,44.26,16.11,3,middle
1329,9/30/21 7:30,29.5,44.25,16.07,3,middle
1330,9/30/21 7:45,29.46,44.23,16.03,3,middle
1331,9/30/21 8:00,29.49,44.47,16.14,3,middle
1332,9/30/21 8:15,29.62,44.49,16.26,3,middle
1333,9/30/21 8:30,29.85,44.89,16.61,3,middle
1334,9/30/21 8:45,29.22,46.57,16.62,3,middle
1335,9/30/21 9:00,28.9,43.59,15.3,3,middle
1336,9/30/21 9:15,23.53,58.08,14.83,3,middle
1337,9/30/21 9:30,27.55,50.9,16.49,3,middle
1338,9/30/21 9:45,30.63,46.59,17.91,3,middle
1339,9/30/21 10:00,32.23,45.37,18.93,3,middle
1340,9/30/21 10:15,31.64,39.91,16.37,3,middle
1341,9/30/21 10:30,27.38,51.89,16.64,3,middle
1342,9/30/21 10:45,27.65,53.88,17.48,3,middle
1343,9/30/21 11:00,26.4,55.38,16.76,3,middle
1344,9/30/21 11:15,27.93,50.1,16.59,3,middle
1345,9/30/21 11:30,26.86,52.61,16.38,3,middle
1346,9/30/21 11:45,26.79,51.59,16.01,3,middle
1347,9/30/21 12:00,28.04,56.94,18.73,3,middle
1348,9/30/21 12:15,30,50.05,18.47,3,middle
1349,9/30/21 12:30,30.47,48.63,18.45,3,middle
1350,9/30/21 12:45,30.4,48.35,18.29,3,middle
1351,9/30/21 13:00,30.26,47.87,18.01,3,middle
1352,9/30/21 13:15,30.24,48.55,18.21,3,middle
1353,9/30/21 13:30,30.16,49.16,18.33,3,middle
1354,9/30/21 13:45,30.06,50.33,18.62,3,middle
1355,9/30/21 14:00,30.21,50.72,18.88,3,middle
1356,9/30/21 14:15,30.59,54.04,20.25,3,middle
1357,9/30/21 14:30,30.4,53.06,19.79,3,middle
1358,9/30/21 14:45,29.86,51.84,18.91,3,middle
1359,9/30/21 15:00,29.28,52.71,18.64,3,middle
1360,9/30/21 15:15,28.69,53.41,18.31,3,middle
1361,9/30/21 15:30,28.32,55.69,18.64,3,middle
1362,9/30/21 15:45,30.03,51.24,18.88,3,middle
1363,9/30/21 16:00,30.46,51.46,19.34,3,middle
1364,9/30/21 16:15,31.59,50.69,20.14,3,middle
1365,9/30/21 16:30,27.93,51.72,17.09,3,middle
1366,9/30/21 16:45,29.77,53.81,19.43,3,middle
1367,9/30/21 17:00,26.62,57.59,17.58,3,middle
1368,9/30/21 17:15,26.31,56.09,16.87,3,middle
1369,9/30/21 17:30,25.43,58.13,16.62,3,middle
1370,9/30/21 17:45,26.45,60.03,18.08,3,middle
1371,9/30/21 18:00,28.47,56.21,18.93,3,middle
1372,9/30/21 18:15,29.43,56.28,19.83,3,middle
1373,9/30/21 18:30,28.97,54.28,18.82,3,middle
1374,9/30/21 18:45,28.42,55.2,18.59,3,middle
1375,9/30/21 19:00,27.96,54.76,18.03,3,middle
1376,9/30/21 19:15,29.83,50.32,18.41,3,middle
1377,9/30/21 19:30,29.42,51.38,18.36,3,middle
1378,9/30/21 19:45,29.35,51.93,18.47,3,middle
1379,9/30/21 20:00,29.43,51.96,18.55,3,middle
1380,9/30/21 20:15,29.6,51.75,18.64,3,middle
1381,9/30/21 20:30,29.71,51.55,18.68,3,middle
1382,9/30/21 20:45,29.67,51.22,18.55,3,middle
1383,9/30/21 21:00,29.54,51.05,18.38,3,middle
1384,9/30/21 21:15,29.34,50.43,17.99,3,middle
1385,9/30/21 21:30,29.48,49.3,17.76,3,middle
1386,9/30/21 21:45,29.77,48.83,17.87,3,middle
1387,9/30/21 22:00,29.94,48.13,17.8,3,middle
1388,9/30/21 22:15,29.94,48.11,17.79,3,middle
1389,9/30/21 22:30,29.82,48.4,17.78,3,middle
1390,9/30/21 22:45,29.59,48.75,17.68,3,middle
1391,9/30/21 23:00,29.66,48.83,17.78,3,middle
1392,9/30/21 23:15,29.89,48.17,17.77,3,middle
1393,9/30/21 23:30,29.92,47.98,17.73,3,middle
1394,9/30/21 23:45,30.06,47.87,17.82,3,middle
1395,10/1/21 0:00,29.96,48.11,17.82,3,middle
1396,10/1/21 0:15,29.73,48.77,17.81,3,middle
1397,10/1/21 0:30,29.78,48.9,17.91,3,middle
1398,10/1/21 0:45,29.79,48.9,17.92,3,middle
1399,10/1/21 1:00,29.74,49.18,17.96,3,middle
1400,10/1/21 1:15,29.72,49.41,18.01,3,middle
1401,10/1/21 1:30,29.71,49.3,17.97,3,middle
1402,10/1/21 1:45,29.73,49.33,18,3,middle
1403,10/1/21 2:00,29.74,49.18,17.96,3,middle
1404,10/1/21 2:15,29.82,49.16,18.03,3,middle
1405,10/1/21 2:30,29.8,49.08,17.99,3,middle
1406,10/1/21 2:45,29.89,49.02,18.04,3,middle
1407,10/1/21 3:00,29.42,50.58,18.11,3,middle
1408,10/1/21 3:15,29.52,51.01,18.34,3,middle
1409,10/1/21 3:30,30,50.34,18.57,3,middle
1410,10/1/21 3:45,30.13,50.13,18.63,3,middle
1411,10/1/21 4:00,30.03,50.41,18.62,3,middle
1412,10/1/21 4:15,29.9,50.27,18.45,3,middle
1413,10/1/21 4:30,29.78,50.49,18.42,3,middle
1414,10/1/21 4:45,29.59,50.67,18.3,3,middle
1415,10/1/21 5:00,29.61,50.53,18.27,3,middle
1416,10/1/21 5:15,29.67,50.4,18.29,3,middle
1417,10/1/21 5:30,29.93,49.78,18.33,3,middle
1418,10/1/21 5:45,30.12,49.26,18.34,3,middle
1419,10/1/21 6:00,30.03,49.6,18.36,3,middle
1420,10/1/21 6:15,29.96,49.95,18.41,3,middle
1421,10/1/21 6:30,30.03,49.93,18.46,3,middle
1422,10/1/21 6:45,29.96,50.3,18.52,3,middle
1423,10/1/21 7:00,29.95,50.06,18.44,3,middle
1424,10/1/21 7:15,29.95,50.13,18.46,3,middle
1425,10/1/21 7:30,30.01,50.32,18.57,3,middle
1426,10/1/21 7:45,30.15,50.08,18.62,3,middle
1427,10/1/21 8:00,30.15,50.22,18.67,3,middle
1428,10/1/21 8:15,30.07,50.61,18.72,3,middle
1429,10/1/21 8:30,30.07,50.6,18.72,3,middle
1430,10/1/21 8:45,30.12,50.64,18.78,3,middle
1431,10/1/21 9:00,30.09,51.14,18.91,3,middle
1432,10/1/21 9:15,29.94,51.53,18.89,3,middle
1433,10/1/21 9:30,29.82,52,18.93,3,middle
1434,10/1/21 9:45,29.62,52.75,18.97,3,middle
1435,10/1/21 10:00,29.83,52.98,19.24,3,middle
1436,10/1/21 10:15,30.16,52.85,19.49,3,middle
1437,10/1/21 10:30,30.38,53.06,19.77,3,middle
1438,10/1/21 10:45,30.27,53.41,19.77,3,middle
1439,10/1/21 11:00,29.54,54.92,19.55,3,middle
1440,10/1/21 11:15,29.31,58.37,20.32,3,middle
1441,10/1/21 11:30,30.34,58.78,21.39,3,middle
1442,10/1/21 11:45,31.01,58.83,22.04,3,middle
1443,10/1/21 12:00,27.84,54.05,17.71,3,middle
1444,10/1/21 12:15,28.28,64.79,21.04,3,middle
1445,10/1/21 12:30,30.19,60.92,21.84,3,middle
1446,10/1/21 12:45,28.67,51.77,17.79,3,middle
1447,10/1/21 13:00,28.15,53.83,17.94,3,middle
1448,10/1/21 13:15,25.08,58.87,16.49,3,middle
1449,10/1/21 13:30,24.41,63.75,17.12,3,middle
1450,10/1/21 13:45,25.94,62.44,18.24,3,middle
1451,10/1/21 14:00,28.91,55.4,19.1,3,middle
1452,10/1/21 14:15,30.87,52.83,20.15,3,middle
1453,10/1/21 14:30,31.01,52.72,20.25,3,middle
1454,10/1/21 14:45,30.57,54.68,20.43,3,middle
1455,10/1/21 15:00,31.25,54.37,20.97,3,middle
1456,10/1/21 15:15,32.13,53.09,21.39,3,middle
1457,10/1/21 15:30,32.28,52.77,21.43,3,middle
1458,10/1/21 15:45,29.23,55.36,19.39,3,middle
1459,10/1/21 16:00,28.75,50.62,17.51,3,middle
1460,10/1/21 16:15,28.88,55.69,19.16,3,middle
1461,10/1/21 16:30,30.59,53.13,19.98,3,middle
1462,10/1/21 16:45,28.65,54.75,18.67,3,middle
1463,10/1/21 17:00,25.82,56.72,16.6,3,middle
1464,10/1/21 17:15,28.35,56.5,18.9,3,middle
1465,10/1/21 17:30,27.23,57.56,18.14,3,middle
1466,10/1/21 17:45,28.98,53.33,18.55,3,middle
1467,10/1/21 18:00,25.54,59.95,17.21,3,middle
1468,10/1/21 18:15,28.01,56.12,18.47,3,middle
1469,10/1/21 18:30,29.64,52.2,18.82,3,middle
1470,10/1/21 18:45,29.72,53.07,19.16,3,middle
1471,10/1/21 19:00,29.14,54.59,19.07,3,middle
1472,10/1/21 19:15,28.3,55.81,18.65,3,middle
1473,10/1/21 19:30,28.16,56.7,18.77,3,middle
1474,10/1/21 19:45,29.87,52.8,19.21,3,middle
1475,10/1/21 20:00,29.57,54.26,19.37,3,middle
1476,10/1/21 20:15,29.68,54.35,19.51,3,middle
1477,10/1/21 20:30,29.74,54.31,19.55,3,middle
1478,10/1/21 20:45,29.78,54.39,19.61,3,middle
1479,10/1/21 21:00,29.87,54.28,19.66,3,middle
1480,10/1/21 21:15,30,54.21,19.76,3,middle
1481,10/1/21 21:30,30.08,54.34,19.87,3,middle
1482,10/1/21 21:45,29.34,53.83,19.04,3,middle
1483,10/1/21 22:00,29.64,52.84,19.02,3,middle
1484,10/1/21 22:15,30.15,54.55,20,3,middle
1485,10/1/21 22:30,29.79,56.34,20.19,3,middle
1486,10/1/21 22:45,29.98,56.67,20.47,3,middle
1487,10/1/21 23:00,29.8,55.96,20.09,3,middle
1488,10/1/21 23:15,29.95,55.77,20.18,3,middle
1489,10/1/21 23:30,30.19,57.13,20.79,3,middle
1490,10/1/21 23:45,30.07,58.12,20.96,3,middle
1491,10/2/21 0:00,30.09,58.6,21.11,3,middle
1492,10/2/21 0:15,30.05,58.85,21.14,3,middle
1493,10/2/21 0:30,29.92,58.28,20.86,3,middle
1494,10/2/21 0:45,29.74,57.82,20.56,3,middle
1495,10/2/21 1:00,29.7,57.47,20.42,3,middle
1496,10/2/21 1:15,29.75,57.19,20.39,3,middle
1497,10/2/21 1:30,29.78,56.83,20.32,3,middle
1498,10/2/21 1:45,29.77,56.36,20.18,3,middle
1499,10/2/21 2:00,29.62,56.13,19.97,3,middle
1500,10/2/21 2:15,29.75,55.61,19.94,3,middle
1501,10/2/21 2:30,29.9,54.86,19.86,3,middle
1502,10/2/21 2:45,29.87,54.43,19.7,3,middle
1503,10/2/21 3:00,29.89,54.36,19.7,3,middle
1504,10/2/21 3:15,29.88,54.1,19.62,3,middle
1505,10/2/21 3:30,29.87,54.06,19.59,3,middle
1506,10/2/21 3:45,29.92,54.03,19.63,3,middle
1507,10/2/21 4:00,29.9,53.89,19.57,3,middle
1508,10/2/21 4:15,29.86,53.62,19.45,3,middle
1509,10/2/21 4:30,29.87,53.62,19.46,3,middle
1510,10/2/21 4:45,29.95,53.71,19.57,3,middle
1511,10/2/21 5:00,29.96,53.28,19.45,3,middle
1512,10/2/21 5:15,29.89,53.02,19.3,3,middle
1513,10/2/21 5:30,29.82,52.84,19.18,3,middle
1514,10/2/21 5:45,29.78,52.79,19.13,3,middle
1515,10/2/21 6:00,29.8,52.55,19.08,3,middle
1516,10/2/21 6:15,29.82,52.25,19,3,middle
1517,10/2/21 6:30,30.05,51.24,18.9,3,middle
1518,10/2/21 6:45,30.21,51.62,19.16,3,middle
1519,10/2/21 7:00,30.11,51.94,19.18,3,middle
1520,10/2/21 7:15,30.05,51.84,19.09,3,middle
1521,10/2/21 7:30,30.01,51.68,19,3,middle
1522,10/2/21 7:45,30.01,51.69,19,3,middle
1523,10/2/21 8:00,30.01,51.32,18.89,3,middle
1524,10/2/21 8:15,30.07,50.94,18.83,3,middle
1525,10/2/21 8:30,30.03,51.22,18.87,3,middle
1526,10/2/21 8:45,29.54,52.98,18.97,3,middle
1527,10/2/21 9:00,28.04,45.27,15.11,3,middle
1528,10/2/21 9:15,25.34,59.36,16.87,3,middle
1529,10/2/21 9:30,27.81,55.59,18.13,3,middle
1530,10/2/21 9:45,32.33,48.19,20,3,middle
1531,10/2/21 10:00,36.29,41.93,21.31,3,middle
1532,10/2/21 10:15,32.35,41.48,17.62,3,middle
1533,10/2/21 10:30,28.5,47.07,16.14,3,middle
1534,10/2/21 10:45,29.12,50.47,17.8,3,middle
1535,10/2/21 11:00,30.42,49.82,18.79,3,middle
1536,10/2/21 11:15,30.56,49.89,18.94,3,middle
1537,10/2/21 11:30,28.77,47.6,16.56,3,middle
1538,10/2/21 11:45,28.2,51.29,17.22,3,middle
1539,10/2/21 12:00,26.22,55.45,16.61,3,middle
1540,10/2/21 12:15,24.23,54.71,14.55,3,middle
1541,10/2/21 12:30,22.91,59.12,14.52,3,middle
1542,10/2/21 12:45,22.68,61.87,15.01,3,middle
1543,10/2/21 13:00,24.44,57.26,15.46,3,middle
1544,10/2/21 13:15,24.71,54.93,15.06,3,middle
1545,10/2/21 13:30,25.03,54.49,15.23,3,middle
1546,10/2/21 13:45,26.17,52.17,15.61,3,middle
1547,10/2/21 14:00,25.21,54.94,15.53,3,middle
1548,10/2/21 14:15,25.24,55.13,15.62,3,middle
1549,10/2/21 14:30,25.25,53.95,15.29,3,middle
1550,10/2/21 14:45,25.65,51.97,15.07,3,middle
1551,10/2/21 15:00,24.56,55.47,15.08,3,middle
1552,10/2/21 15:15,24.5,55.63,15.07,3,middle
1553,10/2/21 15:30,24.69,54.73,14.99,3,middle
1554,10/2/21 15:45,22.48,59.78,14.29,3,middle
1555,10/2/21 16:00,23.15,58.91,14.7,3,middle
1556,10/2/21 16:15,25.3,53.14,15.09,3,middle
1557,10/2/21 16:30,25.73,52.63,15.34,3,middle
1558,10/2/21 16:45,23.44,57.3,14.54,3,middle
1559,10/2/21 17:00,24.61,54.26,14.78,3,middle
1560,10/2/21 17:15,26.58,53.15,16.29,3,middle
1561,10/2/21 17:30,26.3,53.06,15.99,3,middle
1562,10/2/21 17:45,25.91,52.2,15.38,3,middle
1563,10/2/21 18:00,25.07,56.41,15.82,3,middle
1564,10/2/21 18:15,27.59,50.83,16.51,3,middle
1565,10/2/21 18:30,29.35,48.13,17.26,3,middle
1566,10/2/21 18:45,29.47,47.78,17.25,3,middle
1567,10/2/21 19:00,29.03,49.6,17.44,3,middle
1568,10/2/21 19:15,28.37,50.23,17.04,3,middle
1569,10/2/21 19:30,27.74,51.07,16.73,3,middle
1570,10/2/21 19:45,29.34,47.81,17.15,3,middle
1571,10/2/21 20:00,29.62,47.36,17.25,3,middle
1572,10/2/21 20:15,29.7,47.38,17.33,3,middle
1573,10/2/21 20:30,29.77,47.59,17.46,3,middle
1574,10/2/21 20:45,29.76,47.57,17.45,3,middle
1575,10/2/21 21:00,29.73,47.74,17.48,3,middle
1576,10/2/21 21:15,29.78,47.54,17.46,3,middle
1577,10/2/21 21:30,29.86,47.53,17.52,3,middle
1578,10/2/21 21:45,29.82,47.53,17.49,3,middle
1579,10/2/21 22:00,29.79,47.43,17.43,3,middle
1580,10/2/21 22:15,29.77,47.51,17.44,3,middle
1581,10/2/21 22:30,29.75,47.51,17.42,3,middle
1582,10/2/21 22:45,29.79,47.43,17.43,3,middle
1583,10/2/21 23:00,29.77,47.38,17.4,3,middle
1584,10/2/21 23:15,29.72,47.49,17.38,3,middle
1585,10/2/21 23:30,29.72,47.52,17.39,3,middle
1586,10/2/21 23:45,29.7,47.54,17.38,3,middle
1587,10/3/21 0:00,29.64,47.66,17.37,3,middle
1588,10/3/21 0:15,29.71,47.56,17.4,3,middle
1589,10/3/21 0:30,29.77,47.18,17.33,3,middle
1590,10/3/21 0:45,29.81,47.04,17.32,3,middle
1591,10/3/21 1:00,29.75,47.03,17.26,3,middle
1592,10/3/21 1:15,29.75,46.87,17.21,3,middle
1593,10/3/21 1:30,29.7,46.81,17.14,3,middle
1594,10/3/21 1:45,29.7,46.81,17.14,3,middle
1595,10/3/21 2:00,29.73,46.82,17.17,3,middle
1596,10/3/21 2:15,29.74,46.79,17.17,3,middle
1597,10/3/21 2:30,29.68,46.95,17.17,3,middle
1598,10/3/21 2:45,29.67,47.13,17.22,3,middle
1599,10/3/21 3:00,29.67,46.95,17.16,3,middle
1600,10/3/21 3:15,29.66,46.73,17.08,3,middle
1601,10/3/21 3:30,29.62,46.67,17.02,3,middle
1602,10/3/21 3:45,29.66,46.29,16.93,3,middle
1603,10/3/21 4:00,29.62,46.24,16.87,3,middle
1604,10/3/21 4:15,29.61,46.17,16.84,3,middle
1605,10/3/21 4:30,29.68,46.08,16.88,3,middle
1606,10/3/21 4:45,29.75,45.86,16.86,3,middle
1607,10/3/21 5:00,29.72,45.83,16.82,3,middle
1608,10/3/21 5:15,29.71,45.74,16.78,3,middle
1609,10/3/21 5:30,29.59,45.73,16.67,3,middle
1610,10/3/21 5:45,29.49,45.67,16.56,3,middle
1611,10/3/21 6:00,29.57,45.44,16.55,3,middle
1612,10/3/21 6:15,29.51,45.27,16.44,3,middle
1613,10/3/21 6:30,29.54,45.12,16.42,3,middle
1614,10/3/21 6:45,29.54,45.14,16.42,3,middle
1615,10/3/21 7:00,29.52,44.98,16.35,3,middle
1616,10/3/21 7:15,29.49,45.01,16.33,3,middle
1617,10/3/21 7:30,29.49,44.85,16.28,3,middle
1618,10/3/21 7:45,29.49,44.69,16.22,3,middle
1619,10/3/21 8:00,29.97,43.89,16.37,3,middle
1620,10/3/21 8:15,30.08,43.83,16.45,3,middle
1621,10/3/21 8:30,30.11,43.85,16.48,3,middle
1622,10/3/21 8:45,30.05,44.3,16.59,3,middle
1623,10/3/21 9:00,28.18,42.03,14.09,3,middle
1624,10/3/21 9:15,24.47,53.09,14.31,3,middle
1625,10/3/21 9:30,27.12,51.03,16.14,3,middle
1626,10/3/21 9:45,29.28,46.73,16.73,3,middle
1627,10/3/21 10:00,34.57,37.3,17.91,3,middle
1628,10/3/21 10:15,31.59,41.96,17.12,3,middle
1629,10/3/21 10:30,26.23,49.73,14.92,3,middle
1630,10/3/21 10:45,27.25,50.63,16.13,3,middle
1631,10/3/21 11:00,26.17,54.96,16.43,3,middle
1632,10/3/21 11:15,27.32,49.86,15.96,3,middle
1633,10/3/21 11:30,26.45,50.68,15.41,3,middle
1634,10/3/21 11:45,26.69,49.67,15.32,3,middle
1635,10/3/21 12:00,24.91,53.55,14.85,3,middle
1636,10/3/21 12:15,24.84,52.68,14.53,3,middle
1637,10/3/21 12:30,23.9,53.63,13.94,3,middle
1638,10/3/21 12:45,24.21,52.88,14.02,3,middle
1639,10/3/21 13:00,26.87,46.89,14.6,3,middle
1640,10/3/21 13:15,27.11,45.52,14.35,3,middle
1641,10/3/21 13:30,27.75,45.38,14.89,3,middle
1642,10/3/21 13:45,29.36,42.12,15.18,3,middle
1643,10/3/21 14:00,28.46,42.82,14.62,3,middle
1644,10/3/21 14:15,28.85,41.88,14.63,3,middle
1645,10/3/21 14:30,28.91,42.31,14.84,3,middle
1646,10/3/21 14:45,30.21,41.42,15.67,3,middle
1647,10/3/21 15:00,29.52,41.39,15.05,3,middle
1648,10/3/21 15:15,29.82,40.26,14.89,3,middle
1649,10/3/21 15:30,27.68,43.53,14.17,3,middle
1650,10/3/21 15:45,25.53,46.81,13.35,3,middle
1651,10/3/21 16:00,26.67,45.05,13.79,3,middle
1652,10/3/21 16:15,28.25,41.2,13.84,3,middle
1653,10/3/21 16:30,28.08,41.41,13.76,3,middle
1654,10/3/21 16:45,26.78,44.09,13.56,3,middle
1655,10/3/21 17:00,24.94,48.38,13.32,3,middle
1656,10/3/21 17:15,23.57,51.67,13.06,3,middle
1657,10/3/21 17:30,24.95,49.28,13.61,3,middle
1658,10/3/21 17:45,24.1,51.62,13.53,3,middle
1659,10/3/21 18:00,24.09,50.74,13.26,3,middle
1660,10/3/21 18:15,24.33,50.78,13.5,3,middle
1661,10/3/21 18:30,27.41,47.78,15.38,3,middle
1662,10/3/21 18:45,28.61,44.54,15.37,3,middle
1663,10/3/21 19:00,28.75,43.65,15.18,3,middle
1664,10/3/21 19:15,28.46,45.41,15.54,3,middle
1665,10/3/21 19:30,27.95,46.63,15.49,3,middle
1666,10/3/21 19:45,27.38,46.8,15.02,3,middle
1667,10/3/21 20:00,29.09,44.3,15.73,3,middle
1668,10/3/21 20:15,28.1,45.93,15.39,3,middle
1669,10/3/21 20:30,29.75,43,15.85,3,middle
1670,10/3/21 20:45,29.65,43.43,15.92,3,middle
1671,10/3/21 21:00,29.54,44.03,16.03,3,middle
1672,10/3/21 21:15,29.54,44.2,16.1,3,middle
1673,10/3/21 21:30,29.64,44.31,16.22,3,middle
1674,10/3/21 21:45,29.63,44.56,16.3,3,middle
1675,10/3/21 22:00,29.66,44.62,16.35,3,middle
1676,10/3/21 22:15,29.64,44.58,16.32,3,middle
1677,10/3/21 22:30,29.57,44.73,16.3,3,middle
1678,10/3/21 22:45,29.53,44.82,16.3,3,middle
1679,10/3/21 23:00,29.6,44.87,16.38,3,middle
1680,10/3/21 23:15,29.68,44.54,16.34,3,middle
1681,10/3/21 23:30,29.67,44.5,16.32,3,middle
1682,10/3/21 23:45,29.67,44.37,16.27,3,middle
1683,10/4/21 0:00,29.59,44.53,16.25,3,middle
1684,10/4/21 0:15,29.53,44.4,16.15,3,middle
1685,10/4/21 0:30,29.5,44.25,16.07,3,middle
1686,10/4/21 0:45,29.54,43.86,15.97,3,middle
1687,10/4/21 1:00,29.66,43.51,15.95,3,middle
1688,10/4/21 1:15,29.74,43.12,15.88,3,middle
1689,10/4/21 1:30,29.72,43.09,15.85,3,middle
1690,10/4/21 1:45,29.66,43.21,15.85,3,middle
1691,10/4/21 2:00,29.66,43.06,15.79,3,middle
1692,10/4/21 2:15,29.67,43.02,15.79,3,middle
1693,10/4/21 2:30,29.64,42.86,15.7,3,middle
1694,10/4/21 2:45,29.71,42.86,15.76,3,middle
1695,10/4/21 3:00,29.72,42.83,15.76,3,middle
1696,10/4/21 3:15,29.67,42.82,15.72,3,middle
1697,10/4/21 3:30,29.68,42.7,15.68,3,middle
1698,10/4/21 3:45,29.72,42.79,15.74,3,middle
1699,10/4/21 4:00,29.67,42.69,15.67,3,middle
1700,10/4/21 4:15,29.64,42.82,15.69,3,middle
1701,10/4/21 4:30,29.68,42.75,15.7,3,middle
1702,10/4/21 4:45,29.71,42.78,15.73,3,middle
1703,10/4/21 5:00,29.73,42.77,15.74,3,middle
1704,10/4/21 5:15,29.73,42.85,15.78,3,middle
1705,10/4/21 5:30,29.75,42.78,15.77,3,middle
1706,10/4/21 5:45,29.82,42.66,15.79,3,middle
1707,10/4/21 6:00,29.86,42.5,15.76,3,middle
1708,10/4/21 6:15,29.88,42.46,15.77,3,middle
1709,10/4/21 6:30,29.9,42.35,15.74,3,middle
1710,10/4/21 6:45,29.87,42.22,15.67,3,middle
1711,10/4/21 7:00,29.81,42.48,15.71,3,middle
1712,10/4/21 7:15,29.7,42.77,15.71,3,middle
1713,10/4/21 7:30,29.68,42.87,15.74,3,middle
1714,10/4/21 7:45,29.7,42.77,15.71,3,middle
1715,10/4/21 8:00,29.71,42.73,15.71,3,middle
1716,10/4/21 8:15,29.78,42.75,15.78,3,middle
1717,10/4/21 8:30,29.91,42.56,15.83,3,middle
1718,10/4/21 8:45,29.61,43.48,15.89,3,middle
1719,10/4/21 9:00,29.16,41.29,14.69,3,middle
1720,10/4/21 9:15,25.13,51.55,14.46,3,middle
1721,10/4/21 9:30,27.89,46.1,15.26,3,middle
1722,10/4/21 9:45,29.58,43.23,15.78,3,middle
1723,10/4/21 10:00,33.71,37.81,17.35,3,middle
1724,10/4/21 10:15,31,41.23,16.31,3,middle
1725,10/4/21 10:30,25.52,50.32,14.45,3,middle
1726,10/4/21 10:45,25.67,52.56,15.27,3,middle
1727,10/4/21 11:00,26.03,52.82,15.67,3,middle
1728,10/4/21 11:15,27.93,47.28,15.68,3,middle
1729,10/4/21 11:30,26.86,50.31,15.68,3,middle
1730,10/4/21 11:45,26.32,52.89,15.96,3,middle
1731,10/4/21 12:00,26.58,50.91,15.61,3,middle
1732,10/4/21 12:15,24.8,54.94,15.15,3,middle
1733,10/4/21 12:30,23.57,58.68,15.03,3,middle
1734,10/4/21 12:45,24.57,57.25,15.58,3,middle
1735,10/4/21 13:00,26.4,51.55,15.64,3,middle
1736,10/4/21 13:15,26.82,49.83,15.49,3,middle
1737,10/4/21 13:30,27.54,49.45,16.03,3,middle
1738,10/4/21 13:45,28.47,47.73,16.33,3,middle
1739,10/4/21 14:00,27.71,48.43,15.86,3,middle
1740,10/4/21 14:15,28.11,47.54,15.93,3,middle
1741,10/4/21 14:30,28.12,46.34,15.54,3,middle
1742,10/4/21 14:45,28.48,45.77,15.68,3,middle
1743,10/4/21 15:00,28.32,46.2,15.68,3,middle
1744,10/4/21 15:15,29.14,43.4,15.44,3,middle
1745,10/4/21 15:30,28.12,45.47,15.25,3,middle
1746,10/4/21 15:45,26.52,48.28,14.73,3,middle
1747,10/4/21 16:00,27.45,43.2,13.85,3,middle
1748,10/4/21 16:15,28.1,43.91,14.68,3,middle
1749,10/4/21 16:30,28.35,43.31,14.7,3,middle
1750,10/4/21 16:45,27.12,44.3,13.94,3,middle
1751,10/4/21 17:00,24.63,49.75,13.46,3,middle
1752,10/4/21 17:15,23.74,53.03,13.62,3,middle
1753,10/4/21 17:30,24.86,51.47,14.19,3,middle
1754,10/4/21 17:45,24.16,53.01,14,3,middle
1755,10/4/21 18:00,24.38,52.82,14.15,3,middle
1756,10/4/21 18:15,24.97,49.74,13.76,3,middle
1757,10/4/21 18:30,28.15,46.23,15.54,3,middle
1758,10/4/21 18:45,29.51,44.96,16.34,3,middle
1759,10/4/21 19:00,29.71,42.55,15.64,3,middle
1760,10/4/21 19:15,29.38,43.84,15.82,3,middle
1761,10/4/21 19:30,28.8,45.88,16.01,3,middle
1762,10/4/21 19:45,28.29,46.49,15.75,3,middle
1763,10/4/21 20:00,27.85,47.55,15.7,3,middle
1764,10/4/21 20:15,28.74,46.35,16.11,3,middle
1765,10/4/21 20:30,28.91,45.63,16.02,3,middle
1766,10/4/21 20:45,28.12,47.9,16.06,3,middle
1767,10/4/21 21:00,29.93,44.83,16.67,3,middle
1768,10/4/21 21:15,29.83,45.34,16.76,3,middle
1769,10/4/21 21:30,29.57,45.99,16.74,3,middle
1770,10/4/21 21:45,29.6,45.98,16.76,3,middle
1771,10/4/21 22:00,29.62,45.87,16.75,3,middle
1772,10/4/21 22:15,29.75,45.6,16.77,3,middle
1773,10/4/21 22:30,29.86,45.21,16.73,3,middle
1774,10/4/21 22:45,29.88,44.97,16.67,3,middle
1775,10/4/21 23:00,29.88,44.9,16.64,3,middle
1776,10/4/21 23:15,29.85,44.77,16.57,3,middle
1777,10/4/21 23:30,29.77,44.87,16.54,3,middle
1778,10/4/21 23:45,29.75,44.8,16.49,3,middle
1779,10/5/21 0:00,29.74,44.82,16.49,3,middle
1780,10/5/21 0:15,29.68,44.86,16.46,3,middle
1781,10/5/21 0:30,29.74,44.79,16.48,3,middle
1782,10/5/21 0:45,29.68,44.65,16.38,3,middle
1783,10/5/21 1:00,29.7,44.85,16.46,3,middle
1784,10/5/21 1:15,29.63,44.59,16.31,3,middle
1785,10/5/21 1:30,29.72,44.42,16.33,3,middle
1786,10/5/21 1:45,29.73,44.19,16.26,3,middle
1787,10/5/21 2:00,29.75,43.95,16.19,3,middle
1788,10/5/21 2:15,29.75,44.14,16.26,3,middle
1789,10/5/21 2:30,29.67,44.21,16.21,3,middle
1790,10/5/21 2:45,29.62,44.17,16.15,3,middle
1791,10/5/21 3:00,29.6,44.22,16.15,3,middle
1792,10/5/21 3:15,29.6,44.29,16.17,3,middle
1793,10/5/21 3:30,29.7,43.99,16.16,3,middle
1794,10/5/21 3:45,29.72,43.98,16.17,3,middle
1795,10/5/21 4:00,29.64,43.93,16.09,3,middle
1796,10/5/21 4:15,29.62,44.01,16.09,3,middle
1797,10/5/21 4:30,29.65,43.99,16.12,3,middle
1798,10/5/21 4:45,29.66,44.04,16.14,3,middle
1799,10/5/21 5:00,29.66,44.08,16.16,3,middle
1800,10/5/21 5:15,29.67,44,16.14,3,middle
1801,10/5/21 5:30,29.66,44.01,16.14,3,middle
1802,10/5/21 5:45,29.67,43.87,16.09,3,middle
1803,10/5/21 6:00,29.63,43.69,15.99,3,middle
1804,10/5/21 6:15,29.63,43.57,15.95,3,middle
1805,10/5/21 6:30,29.66,43.28,15.87,3,middle
1806,10/5/21 6:45,29.66,43.07,15.8,3,middle
1807,10/5/21 7:00,29.75,42.81,15.78,3,middle
1808,10/5/21 7:15,29.77,42.51,15.69,3,middle
1809,10/5/21 7:30,29.73,42.15,15.52,3,middle
1810,10/5/21 7:45,29.72,42.34,15.58,3,middle
1811,10/5/21 8:00,29.62,42.55,15.57,3,middle
1812,10/5/21 8:15,29.73,42.61,15.69,3,middle
1813,10/5/21 8:30,29.95,42.29,15.77,3,middle
1814,10/5/21 8:45,29.49,43.39,15.76,3,middle
1815,10/5/21 9:00,29.74,43.44,16,3,middle
1816,10/5/21 9:15,25.31,49.57,14.03,3,middle
1817,10/5/21 9:30,28.18,45.06,15.16,3,middle
1818,10/5/21 9:45,29.94,41.49,15.46,3,middle
1819,10/5/21 10:00,33.75,35.75,16.51,3,middle
1820,10/5/21 10:15,31.15,38.25,15.27,3,middle
1821,10/5/21 10:30,26.81,47.15,14.62,3,middle
1822,10/5/21 10:45,25.2,51.57,14.54,3,middle
1823,10/5/21 11:00,25.17,52.38,14.75,3,middle
1824,10/5/21 11:15,25.05,53.56,14.99,3,middle
1825,10/5/21 11:30,25.77,52.12,15.23,3,middle
1826,10/5/21 11:45,25.38,54.28,15.5,3,middle
1827,10/5/21 12:00,24.94,55.63,15.48,3,middle
1828,10/5/21 12:15,24.82,57.18,15.79,3,middle
1829,10/5/21 12:30,24.02,59.55,15.68,3,middle
1830,10/5/21 12:45,25.36,55.98,15.96,3,middle
1831,10/5/21 13:00,27.66,52.17,16.98,3,middle
1832,10/5/21 13:15,28.12,49.56,16.6,3,middle
1833,10/5/21 13:30,29.18,48.22,17.14,3,middle
1834,10/5/21 13:45,30.55,43.87,16.89,3,middle
1835,10/5/21 14:00,29.9,45.6,16.91,3,middle
1836,10/5/21 14:15,30.47,45.06,17.23,3,middle
1837,10/5/21 14:30,30.72,44.52,17.28,3,middle
1838,10/5/21 14:45,31.43,41.77,16.9,3,middle
1839,10/5/21 15:00,31.22,41.87,16.75,3,middle
1840,10/5/21 15:15,32.29,39.19,16.66,3,middle
1841,10/5/21 15:30,30.44,41.97,16.08,3,middle
1842,10/5/21 15:45,28.54,44.11,15.15,3,middle
1843,10/5/21 16:00,29.34,45.02,16.2,3,middle
1844,10/5/21 16:15,27.5,46.99,15.19,3,middle
1845,10/5/21 16:30,25.37,50.79,14.46,3,middle
1846,10/5/21 16:45,23.47,56.49,14.35,3,middle
1847,10/5/21 17:00,24.21,55.99,14.9,3,middle
1848,10/5/21 17:15,24.13,55.58,14.71,3,middle
1849,10/5/21 17:30,23.12,59.21,14.75,3,middle
1850,10/5/21 17:45,22.67,60.65,14.7,3,middle
1851,10/5/21 18:00,23.54,58.18,14.86,3,middle
1852,10/5/21 18:15,25.07,52.93,14.82,3,middle
1853,10/5/21 18:30,27.91,48.65,16.12,3,middle
1854,10/5/21 18:45,29.07,46.09,16.33,3,middle
1855,10/5/21 19:00,29.18,46.85,16.68,3,middle
1856,10/5/21 19:15,28.9,46.87,16.43,3,middle
1857,10/5/21 19:30,28.41,47.45,16.18,3,middle
1858,10/5/21 19:45,27.91,48.3,16.01,3,middle
1859,10/5/21 20:00,27.5,48.53,15.7,3,middle
1860,10/5/21 20:15,28.72,47.09,16.34,3,middle
1861,10/5/21 20:30,27.91,47.29,15.68,3,middle
1862,10/5/21 20:45,29.09,46.37,16.44,3,middle
1863,10/5/21 21:00,28.06,47.47,15.87,3,middle
1864,10/5/21 21:15,29.62,44.11,16.13,3,middle
1865,10/5/21 21:30,29.56,44.58,16.24,3,middle
1866,10/5/21 21:45,29.59,44.62,16.28,3,middle
1867,10/5/21 22:00,29.76,44.41,16.36,3,middle
1868,10/5/21 22:15,29.77,44,16.23,3,middle
1869,10/5/21 22:30,29.71,43.91,16.14,3,middle
1870,10/5/21 22:45,29.62,43.8,16.02,3,middle
1871,10/5/21 23:00,29.73,43.39,15.97,3,middle
1872,10/5/21 23:15,29.72,43.12,15.86,3,middle
1873,10/5/21 23:30,29.7,42.8,15.73,3,middle
1874,10/5/21 23:45,29.65,42.25,15.48,3,middle
1875,10/6/21 0:00,29.59,41.94,15.31,3,middle
1876,10/6/21 0:15,29.52,41.56,15.11,3,middle
1877,10/6/21 0:30,29.57,41.19,15.01,3,middle
1878,10/6/21 0:45,29.65,40.83,14.95,3,middle
1879,10/6/21 1:00,29.63,40.63,14.86,3,middle
1880,10/6/21 1:15,29.61,40.39,14.75,3,middle
1881,10/6/21 1:30,29.6,40.32,14.71,3,middle
1882,10/6/21 1:45,29.65,40.13,14.69,3,middle
1883,10/6/21 2:00,29.67,40.07,14.68,3,middle
1884,10/6/21 2:15,29.7,39.93,14.64,3,middle
1885,10/6/21 2:30,29.7,40.03,14.69,3,middle
1886,10/6/21 2:45,29.65,40.04,14.65,3,middle
1887,10/6/21 3:00,29.7,40.15,14.73,3,middle
1888,10/6/21 3:15,29.7,40.11,14.72,3,middle
1889,10/6/21 3:30,29.73,40.21,14.78,3,middle
1890,10/6/21 3:45,29.79,40.32,14.88,3,middle
1891,10/6/21 4:00,29.77,40.2,14.82,3,middle
1892,10/6/21 4:15,29.77,40.19,14.81,3,middle
1893,10/6/21 4:30,29.64,40.23,14.71,3,middle
1894,10/6/21 4:45,29.61,40.3,14.71,3,middle
1895,10/6/21 5:00,29.73,40.12,14.75,3,middle
1896,10/6/21 5:15,29.73,39.91,14.67,3,middle
1897,10/6/21 5:30,29.73,39.75,14.61,3,middle
1898,10/6/21 5:45,29.71,39.79,14.6,3,middle
1899,10/6/21 6:00,29.72,39.62,14.54,3,middle
1900,10/6/21 6:15,29.66,39.54,14.47,3,middle
1901,10/6/21 6:30,29.6,39.55,14.41,3,middle
1902,10/6/21 6:45,29.67,39.36,14.4,3,middle
1903,10/6/21 7:00,29.65,39.24,14.34,3,middle
1904,10/6/21 7:15,29.65,39.31,14.36,3,middle
1905,10/6/21 7:30,29.64,39.22,14.32,3,middle
1906,10/6/21 7:45,29.66,39.28,14.36,3,middle
1907,10/6/21 8:00,29.67,39.32,14.39,3,middle
1908,10/6/21 8:15,29.82,38.98,14.38,3,middle
1909,10/6/21 8:30,30.11,38.47,14.44,3,middle
1910,10/6/21 8:45,29.23,40.44,14.43,3,middle
1911,10/6/21 9:00,29.87,39.81,14.75,3,middle
1912,10/6/21 9:15,27.69,40.71,13.15,3,middle
1913,10/6/21 9:30,28.86,38.67,13.41,3,middle
1914,10/6/21 9:45,31.3,35.89,14.42,3,middle
1915,10/6/21 10:00,34.42,33.6,16.12,3,middle
1916,10/6/21 10:15,32.18,33.19,13.98,3,middle
1917,10/6/21 10:30,27.51,40.61,12.95,3,middle
1918,10/6/21 10:45,26.46,43.1,12.92,3,middle
1919,10/6/21 11:00,25.29,44.79,12.45,3,middle
1920,10/6/21 11:15,26.55,42.42,12.76,3,middle
1921,10/6/21 11:30,26.86,42.34,13.01,3,middle
1922,10/6/21 11:45,25.96,43.92,12.76,3,middle
1923,10/6/21 12:00,25.66,46.39,13.33,3,middle
1924,10/6/21 12:15,25.12,46.4,12.83,3,middle